date,value,close,position,returns,cummax,drawdown
2021-01-31,100000.0,1867.0127699999996,0,0.0,100000.0,0.0
2021-02-01,100000.0,1902.6927699999997,0,0.0,100000.0,0.0
2021-02-02,100000.0,1947.602769999999,0,0.0,100000.0,0.0
2021-02-03,101812.9,2078.5427699999996,14,0.01812899999999984,101812.9,0.0
2021-02-04,101530.0,2070.6927699999997,28,-0.002778626284095531,101812.9,-0.002778626284095531
2021-02-07,103532.60000000002,2126.49277,42,0.019724219442529556,103532.60000000002,0.0
2021-02-08,107213.06,2214.1227699999995,42,0.03554880298572605,107213.06,0.0
2021-02-09,113285.00000000001,2358.6927699999997,42,0.05663433167563747,113285.00000000001,0.0
2021-02-17,107825.00000000001,2228.6927699999997,42,-0.04819702520192437,113285.00000000001,-0.04819702520192437
2021-02-18,107363.00000000001,2217.6927699999997,42,-0.0042847206121029435,113285.00000000001,-0.052275235026702505
2021-02-21,100139.84000000001,2045.7127699999996,42,-0.06727792628745477,113285.00000000001,-0.1160361919053714
2021-02-22,100937.00000000001,2064.6927699999997,42,0.007960468081434913,113285.00000000001,-0.10899942622589043
2021-02-23,95980.99999999999,1946.6927699999992,42,-0.04909993362196252,113285.00000000001,-0.1527474952553297
2021-02-24,96813.94586637257,1907.6927699999997,0,0.008678237009122514,113285.00000000001,-0.14539483721258284
2021-02-25,96813.94586637257,1880.4727699999999,0,0.0,113285.00000000001,-0.14539483721258284
2021-02-28,96813.94586637257,1915.6927699999994,0,0.0,113285.00000000001,-0.14539483721258284
2021-03-01,96813.94586637257,1815.6927699999999,0,0.0,113285.00000000001,-0.14539483721258284
2021-03-02,95808.94586637257,1897.6927699999997,-10,-0.010380735864099044,113285.00000000001,-0.1542662676755744
2021-03-03,96878.94586637257,1790.6927699999999,-10,0.011168059415791465,113285.00000000001,-0.1448210631030361
2021-03-04,96607.84586637258,1817.80277,-10,-0.0027983376323471587,113285.00000000001,-0.14721414250454545
2021-03-07,98638.58586637257,1717.6927699999999,-19,0.021020445925364006,113285.00000000001,-0.12928820350114711
2021-03-08,99250.87586637257,1694.68277,-29,0.006207408537156844,113285.00000000001,-0.12388333966215681
2021-03-09,98358.19586637258,1727.7027699999999,-39,-0.008994177554683347,113285.00000000001,-0.13176328846385166
2021-03-10,95316.58586637258,1805.6927699999999,-39,-0.03092380836399511,113285.00000000001,-0.1586124741459808
2021-03-11,96174.58586637258,1783.6927699999999,-39,0.009001581332370279,113285.00000000001,-0.15103865589996412
2021-03-14,98146.03586637258,1733.14277,-39,0.020498658582623674,113285.00000000001,-0.13363608715741215
2021-03-15,96779.08586637258,1768.1927699999999,-39,-0.013927714837725258,113285.00000000001,-0.1457025566811796
2021-03-16,96004.54586637259,1788.0527699999998,-39,-0.008003175407850338,113285.00000000001,-0.1525396489705383
2021-03-17,94470.2858663726,1827.3927699999995,-39,-0.015981118249707826,113285.00000000001,-0.1660830130522789
2021-03-18,96798.58586637258,1767.6927699999999,-39,0.02464584476110665,113285.00000000001,-0.14553042444831554
2021-03-21,97578.97586637258,1747.68277,-39,0.008061997941553711,113285.00000000001,-0.13864169248909775
2021-03-22,97344.58586637258,1753.6927699999999,-39,-0.0024020543146607842,113285.00000000001,-0.14071072192812317
2021-03-23,97617.58586637258,1746.6927699999999,-39,0.00280447030073927,113285.00000000001,-0.138300870668027
2021-03-24,98319.58586637258,1728.6927699999999,-39,0.007191327195501085,113285.00000000001,-0.13210411028492242
2021-03-25,96681.58586637258,1770.6927699999999,-39,-0.016659956259643227,113285.00000000001,-0.14656321784549964
2021-03-28,95858.68586637259,1791.7927699999998,-39,-0.008511444993644979,113285.00000000001,-0.15382719807236112
2021-03-29,95622.59847083282,1813.74277,0,-0.002462869101594767,113285.00000000001,-0.1559112109208386
2021-03-30,95622.59847083282,1766.6927699999999,0,0.0,113285.00000000001,-0.1559112109208386
2021-03-31,95622.59847083282,1802.1927699999999,0,0.0,113285.00000000001,-0.1559112109208386
2021-04-01,95622.59847083282,1919.6927699999994,0,0.0,113285.00000000001,-0.1559112109208386
2021-04-05,95232.92847083282,1883.7227699999999,11,-0.004075082733908886,113285.00000000001,-0.15935094257110116
2021-04-06,94517.59847083282,1818.6927699999999,11,-0.007511372499892088,113285.00000000001,-0.1656653707831327
2021-04-07,94616.59847083282,1827.6927699999997,11,0.0010474239887776626,113285.00000000001,-0.16479146867782313
2021-04-08,94066.59847083282,1777.6927699999999,11,-0.005812933553826172,113285.00000000001,-0.16964648037398766
2021-04-11,93944.38847083283,1766.58277,11,-0.0012991859170701225,113285.00000000001,-0.17072526397287535
2021-04-12,94061.59847083282,1778.6927699999999,0,0.0012476530201310787,113285.00000000001,-0.1696906168439528
2021-04-13,94061.59847083282,1804.6927699999999,0,0.0,113285.00000000001,-0.1696906168439528
2021-04-14,94061.59847083282,1773.2927699999998,0,0.0,113285.00000000001,-0.1696906168439528
2021-04-15,94061.59847083282,1812.67277,0,0.0,113285.00000000001,-0.1696906168439528
2021-04-18,94061.59847083282,1845.6927699999997,0,0.0,113285.00000000001,-0.1696906168439528
2021-04-19,94061.59847083282,1852.4927699999996,0,0.0,113285.00000000001,-0.1696906168439528
2021-04-20,94061.59847083282,1837.6927699999997,0,0.0,113285.00000000001,-0.1696906168439528
2021-04-21,94061.59847083282,1813.1927699999999,0,0.0,113285.00000000001,-0.1696906168439528
2021-04-22,94061.59847083282,1866.6327699999995,0,0.0,113285.00000000001,-0.1696906168439528
2021-04-25,94061.59847083282,1835.5127699999998,0,0.0,113285.00000000001,-0.1696906168439528
2021-04-26,94061.59847083282,1852.1327699999995,0,0.0,113285.00000000001,-0.1696906168439528
2021-04-27,94061.59847083282,1799.6927699999999,0,0.0,113285.00000000001,-0.1696906168439528
2021-04-28,94061.59847083282,1784.0527699999998,0,0.0,113285.00000000001,-0.1696906168439528
2021-04-29,94061.59847083282,1764.4727699999999,0,0.0,113285.00000000001,-0.1696906168439528
2021-05-05,94061.59847083282,1716.6927699999999,0,0.0,113285.00000000001,-0.1696906168439528
2021-05-06,94986.59847083282,1660.6927699999999,-15,0.009833981295638283,113285.00000000001,-0.16152536990040334
2021-05-09,95655.69847083281,1636.7227699999999,-30,0.007044151604243876,113285.00000000001,-0.1556190274896695
2021-05-10,92006.5984708328,1716.6927699999999,-45,-0.038148276143869064,113285.00000000001,-0.18783070599962226
2021-05-11,90881.5984708328,1741.6927699999999,-45,-0.01222738389091338,113285.00000000001,-0.19776141174177697
2021-05-12,91696.22528026771,1729.1927699999999,0,0.008963605648907524,113285.00000000001,-0.190570461400294
2021-05-13,91696.22528026771,1767.5427699999998,0,0.0,113285.00000000001,-0.190570461400294
2021-05-16,91696.22528026771,1815.65277,0,0.0,113285.00000000001,-0.190570461400294
2021-05-17,91696.22528026771,1817.0027699999998,0,0.0,113285.00000000001,-0.190570461400294
2021-05-18,91696.22528026771,1806.6927699999999,0,0.0,113285.00000000001,-0.190570461400294
2021-05-19,91696.22528026771,1816.57277,0,0.0,113285.00000000001,-0.190570461400294
2021-05-20,91696.22528026771,1799.7927699999998,0,0.0,113285.00000000001,-0.190570461400294
2021-05-23,91696.22528026771,1828.9827699999996,0,0.0,113285.00000000001,-0.190570461400294
2021-05-24,91696.22528026771,1952.1927699999992,0,0.0,113285.00000000001,-0.190570461400294
2021-05-25,91871.52528026771,1977.6927699999992,15,0.0019117471789509288,113285.00000000001,-0.18902303676331644
2021-05-26,92751.22528026771,2002.6927699999994,30,0.009575328126057991,113285.00000000001,-0.18125766623765105
2021-05-27,92142.64528026771,1987.6927699999992,44,-0.006561422753834756,113285.00000000001,-0.18662978081592707
2021-05-30,91614.64528026771,1975.6927699999992,44,-0.005730245733601369,113285.00000000001,-0.19129059204424503
2021-05-31,92624.44528026771,1998.6427699999992,44,0.011022255196326158,113285.00000000001,-0.18237679057008693
2021-06-01,91790.64528026771,1979.6927699999992,44,-0.009001943250262379,113285.00000000001,-0.18973698830147245
2021-06-02,91800.3252802677,1979.912769999999,44,0.00010545736954381546,113285.00000000001,-0.18965154009562002
2021-06-03,93088.64528026772,2009.1927699999994,44,0.014033937200840674,113285.00000000001,-0.178279160698524
2021-06-06,93946.64528026772,2028.6927699999997,44,0.009217021017082772,113285.00000000001,-0.17070534245250735
2021-06-07,90426.64528026771,1948.6927699999992,44,-0.03746807551774656,113285.00000000001,-0.2017774173079605
2021-06-08,90800.64528026771,1957.1927699999992,44,0.004135949076080614,113285.00000000001,-0.19847600935456855
2021-06-09,90595.30784191516,1996.1727699999994,0,-0.00226140946156006,113285.00000000001,-0.20028858329068155
2021-06-10,90595.30784191516,1936.5027699999994,0,0.0,113285.00000000001,-0.20028858329068155
2021-06-14,90595.30784191516,1950.6927699999992,0,0.0,113285.00000000001,-0.20028858329068155
2021-06-15,90595.30784191516,1915.6927699999994,0,0.0,113285.00000000001,-0.20028858329068155
2021-06-16,90595.30784191516,1914.6027699999993,0,0.0,113285.00000000001,-0.20028858329068155
2021-06-17,90595.30784191516,1848.6327699999995,0,0.0,113285.00000000001,-0.20028858329068155
2021-06-20,90595.30784191516,1839.3327699999995,0,0.0,113285.00000000001,-0.20028858329068155
2021-06-21,90595.30784191516,1832.6627699999995,0,0.0,113285.00000000001,-0.20028858329068155
2021-06-22,90595.30784191516,1795.6927699999999,0,0.0,113285.00000000001,-0.20028858329068155
2021-06-23,90169.70784191515,1825.7427699999998,-15,-0.004697815042945308,113285.00000000001,-0.20404547961411357
2021-06-24,89521.06284191515,1868.9857699999998,-15,-0.007193602103460317,113285.00000000001,-0.20977125972622024
2021-06-27,89355.91284191515,1879.99577,-15,-0.0018448172391745121,113285.00000000001,-0.21122908732916856
2021-06-28,89971.06284191515,1838.9857699999998,-15,0.006884267424902113,113285.00000000001,-0.20579897742935838
2021-06-29,90050.56284191516,1833.6857699999996,-15,0.0008836174375277395,113285.00000000001,-0.20509720755691263
2021-06-30,89326.06284191515,1881.9857699999998,-15,-0.008045479974088332,113285.00000000001,-0.21149258205486043
2021-07-01,90706.06284191515,1789.9857699999998,-15,0.015449018529365421,113285.00000000001,-0.19931091634448395
2021-07-04,90991.06284191515,1770.9857699999998,-15,0.0031420170942344505,113285.00000000001,-0.19679513755647138
2021-07-05,90434.06284191516,1789.8857699999999,-30,-0.006121480314695282,113285.00000000001,-0.20171194031058703
2021-07-06,90786.06284191516,1780.9857699999998,-45,0.0038923386712739205,113285.00000000001,-0.19860473282504176
2021-07-07,91641.06284191516,1761.9857699999998,-45,0.009417745116767628,113285.00000000001,-0.19105739646100406
2021-07-08,92094.67284191516,1749.0957699999997,-61,0.004949855293390648,113285.00000000001,-0.18705324763282738
2021-07-11,92772.38284191515,1737.9857699999998,-61,0.00735884040940471,113285.00000000001,-0.18107090222081346
2021-07-12,91436.48284191515,1759.8857699999999,-61,-0.014399759487436992,113285.00000000001,-0.19286328426609756
2021-07-13,92711.38284191515,1738.9857699999998,-61,0.013943012246043995,113285.00000000001,-0.18160936715438813
2021-07-14,90515.99284191515,1774.9757699999998,-61,-0.02367983232159765,113285.00000000001,-0.20098872011373847
2021-07-15,93083.48284191515,1732.8857699999999,-61,0.028365042677972685,113285.00000000001,-0.17832473105958302
2021-07-18,91918.38284191515,1751.9857699999998,-61,-0.012516721167155853,113285.00000000001,-0.18860941129085806
2021-07-19,91613.38284191515,1756.9857699999998,-61,-0.0033181610747499146,113285.00000000001,-0.19130173595873112
2021-07-20,92284.38284191515,1745.9857699999998,-61,0.007324257430356695,113285.00000000001,-0.18537862168941044
2021-07-21,94052.77284191515,1716.9957699999998,-61,0.01916239720678714,113285.00000000001,-0.1697685232650824
2021-07-22,96493.38284191515,1676.9857699999998,-61,0.025949367852261096,113285.00000000001,-0.14822454127276208
2021-07-25,102342.67284191516,1581.0957699999997,-61,0.06061856085595929,113285.00000000001,-0.09659113879229242
2021-07-26,107907.09284191515,1489.8757699999999,-61,0.0543704775875371,113285.00000000001,-0.047472367551616435
2021-07-27,104490.48284191515,1545.8857699999999,-61,-0.0316625155030853,113285.00000000001,-0.0776317884811305
2021-07-28,105656.19284191515,1526.7757699999997,-61,0.011156135643124676,113285.00000000001,-0.0673417236005196
2021-07-29,109974.99284191515,1455.9757699999998,-61,0.04087597597295489,113285.00000000001,-0.029218406303436972
2021-08-01,105338.38284191515,1531.9857699999998,-61,-0.04216058469460371,113285.00000000001,-0.07014712590444327
2021-08-02,105686.08284191515,1526.2857699999997,-61,0.0033007911325333428,113285.00000000001,-0.06707787578306801
2021-08-03,107229.38284191515,1500.9857699999998,-61,0.014602679543989305,113285.00000000001,-0.05345471296363036
2021-08-04,108754.38284191515,1475.9857699999998,-61,0.014221848150038019,113285.00000000001,-0.039993089624264955
2021-08-05,110462.38284191515,1447.9857699999998,-61,0.01570511417900966,113285.00000000001,-0.02491607148417585
2021-08-08,109071.58284191515,1470.7857699999997,-61,-0.012590711554633094,113285.00000000001,-0.03719307196967703
2021-08-09,102654.38284191515,1575.9857699999998,-61,-0.05883475633887958,113285.00000000001,-0.09383958298172623
2021-08-10,105612.88284191515,1527.4857699999998,-61,0.02882000668744955,113285.00000000001,-0.06772403370335756
2021-08-11,109303.38284191515,1466.9857699999998,-61,0.034943653659412544,113285.00000000001,-0.035146905222093516
2021-08-12,108690.94284191515,1477.0257699999997,-61,-0.0056031202701728455,113285.00000000001,-0.04055309315518263
2021-08-15,108742.18284191516,1476.1857699999998,-61,0.000471428425039333,113285.00000000001,-0.040100782610979935
2021-08-16,112658.38284191515,1411.9857699999998,-61,0.03601362321090429,113285.00000000001,-0.005531333875489763
2021-08-17,113573.38284191515,1396.9857699999998,-61,0.008121898938350247,113573.38284191515,0.0
2021-08-18,113575.21284191516,1396.9557699999998,-61,1.6112930285361315e-05,113575.21284191516,0.0
2021-08-19,117965.38284191515,1324.9857699999998,-61,0.0386542969204966,117965.38284191515,0.0
2021-08-22,116611.79284191516,1347.1757699999998,-61,-0.011474467910759345,117965.38284191515,-0.011474467910759345
2021-08-23,113257.40284191516,1402.1657699999998,-61,-0.028765444028009957,117965.38284191515,-0.039909843774331155
2021-08-24,110827.16284191515,1442.0057699999998,-61,-0.02145767021862699,117965.38284191515,-0.06051114172677163
2021-08-25,115098.38284191515,1371.9857699999998,-61,0.03853946893950999,117965.38284191515,-0.024303740054334888
2021-08-26,115035.55284191515,1373.0157699999997,-61,-0.0005458808234195534,117965.38284191515,-0.024836353932121358
2021-08-29,115647.38284191515,1362.9857699999998,-61,0.005318616591870384,117965.38284191515,-0.019649832384355803
2021-08-30,117355.38284191515,1334.9857699999998,-61,0.014769032882782751,117965.38284191515,-0.005171008522198872
2021-08-31,113450.77284191515,1398.9957699999998,-61,-0.03327167365863182,117965.38284191515,-0.038270634072794074
2021-09-01,113646.58284191515,1395.7857699999997,-61,0.0017259468145962575,117965.38284191515,-0.03661074033716827
2021-09-02,111241.96284191516,1435.2057699999998,-61,-0.021158753214294834,117965.38284191515,-0.0569948559316763
2021-09-05,110482.51284191514,1447.6557699999998,-61,-0.0068270100652507715,117965.38284191515,-0.0634327615418141
2021-09-06,111063.06164256293,1445.9857699999998,0,0.005254666876363112,117965.38284191515,-0.05851141269640092
2021-09-07,111063.06164256293,1410.0857699999997,0,0.0,117965.38284191515,-0.05851141269640092
2021-09-08,111063.06164256293,1411.0657699999997,0,0.0,117965.38284191515,-0.05851141269640092
2021-09-09,111063.06164256293,1439.5657699999997,0,0.0,117965.38284191515,-0.05851141269640092
2021-09-12,111063.06164256293,1430.9857699999998,0,0.0,117965.38284191515,-0.05851141269640092
2021-09-13,111063.06164256293,1433.9857699999998,0,0.0,117965.38284191515,-0.05851141269640092
2021-09-14,111063.06164256293,1392.7257699999998,0,0.0,117965.38284191515,-0.05851141269640092
2021-09-15,111063.06164256293,1415.0557699999997,0,0.0,117965.38284191515,-0.05851141269640092
2021-09-16,111063.06164256293,1462.9857699999998,0,0.0,117965.38284191515,-0.05851141269640092
2021-09-21,111063.06164256293,1414.6757699999998,0,0.0,117965.38284191515,-0.05851141269640092
2021-09-22,111063.06164256293,1411.9857699999998,0,0.0,117965.38284191515,-0.05851141269640092
2021-09-23,111063.06164256293,1470.9857699999998,0,0.0,117965.38284191515,-0.05851141269640092
2021-09-26,112948.06164256291,1631.9857699999998,18,0.01697233960708311,117965.38284191515,-0.04253214865649124
2021-09-27,111909.16164256292,1599.0457699999997,35,-0.00919803301527844,117965.38284191515,-0.051338969564216574
2021-09-28,111837.06164256291,1596.9857699999998,35,-0.0006442725416020423,117965.38284191515,-0.051950165817414184
2021-09-29,112187.06164256291,1606.9857699999998,35,0.003129552894715948,117965.38284191515,-0.04898319371451321
2021-10-07,112523.06164256291,1616.5857699999997,35,0.002994997774970809,117965.38284191515,-0.046134900495728215
2021-10-10,113486.26164256292,1644.1057699999997,35,0.008560023038296727,117965.38284191515,-0.03796979326854455
2021-10-11,113701.54164256292,1647.9757699999998,52,0.001896969702623874,117965.38284191515,-0.03614485111336585
2021-10-12,116764.86164256293,1706.8857699999999,52,0.02694176310845453,117965.38284191515,-0.010176894021198035
2021-10-13,115782.06164256293,1687.9857699999998,52,-0.008416915724257179,117965.38284191515,-0.01850815168614406
2021-10-14,116092.50164256293,1693.9557699999998,52,0.002681244362001234,117965.38284191515,-0.015876532201502425
2021-10-17,110010.06164256293,1576.9857699999998,52,-0.05239304790525767,117965.38284191515,-0.06743776019455738
2021-10-18,110643.42164256293,1589.1657699999998,52,0.005757291565364975,117965.38284191515,-0.062068727477147645
2021-10-19,112142.06164256293,1617.9857699999998,52,0.013544772728028898,117965.38284191515,-0.04936466155631458
2021-10-20,112298.06164256293,1620.9857699999998,52,0.0013910926704490123,117965.38284191515,-0.04804223970473587
2021-10-21,115262.06164256293,1677.9857699999998,52,0.026394044177131093,117965.38284191515,-0.022916224524739848
2021-10-24,113807.62164256292,1650.0157699999997,52,-0.012618549237045085,117965.38284191515,-0.03524560425429235
2021-10-25,113184.66164256292,1638.0357699999997,52,-0.005473798599856083,117965.38284191515,-0.04052647551493016
2021-10-26,110998.06164256293,1595.9857699999998,52,-0.019318872082732086,117965.38284191515,-0.05906242180122534
2021-10-27,111335.54164256292,1602.4757699999998,52,0.0030404134541264227,117965.38284191515,-0.05620158252897678
2021-10-28,111366.22164256292,1603.0657699999997,52,0.0002755633964444115,117965.38284191515,-0.05594150623149963
2021-10-31,110166.06164256293,1579.9857699999998,52,-0.010776696760459226,117965.38284191515,-0.06611533834297867
2021-11-01,109831.47321879551,1581.6257699999999,0,-0.0030371279392105155,117965.38284191515,-0.06895166554089738
2021-11-02,109831.47321879551,1541.9857699999998,0,0.0,117965.38284191515,-0.06895166554089738
2021-11-03,109831.47321879551,1581.1857699999998,0,0.0,117965.38284191515,-0.06895166554089738
2021-11-04,109831.47321879551,1596.9257699999998,0,0.0,117965.38284191515,-0.06895166554089738
2021-11-07,109831.47321879551,1597.0857699999997,0,0.0,117965.38284191515,-0.06895166554089738
2021-11-08,109831.47321879551,1566.9957699999998,0,0.0,117965.38284191515,-0.06895166554089738
2021-11-09,109831.47321879551,1530.9757699999998,0,0.0,117965.38284191515,-0.06895166554089738
2021-11-10,109493.07321879553,1546.5857699999997,-20,-0.0030810840470640866,117965.38284191515,-0.07182030371124493
2021-11-11,109409.47321879552,1550.7657699999997,-20,-0.0007635186185060983,117965.38284191515,-0.07252898619068071
2021-11-14,109662.27321879551,1538.1257699999999,-20,0.0023105860266272593,117965.38284191515,-0.07038598462607115
2021-11-15,108725.07321879553,1584.9857699999998,-20,-0.008546239034550207,117965.38284191515,-0.07833068821132483
2021-11-16,108985.07321879553,1571.9857699999998,-20,0.0023913527239185495,117965.38284191515,-0.07612665179202693
2021-11-17,109045.07321879553,1568.9857699999998,-20,0.0005505341073592795,117965.38284191515,-0.07561802800295825
2021-11-18,108316.87321879552,1605.3957699999999,-20,-0.006677972498022933,117965.38284191515,-0.08179102538962268
2021-11-21,107900.07321879553,1631.2557699999998,0,-0.003847969273984342,117965.38284191515,-0.08532426531102011
2021-11-22,108783.67321879553,1673.4157699999998,20,0.008189058391167903,117965.38284191515,-0.0778339323106676
2021-11-23,110490.07321879553,1717.9857699999998,40,0.01568617743370293,117965.38284191515,-0.06336867174955263
2021-11-24,111146.87321879555,1733.0157699999997,60,0.0059444254209100045,117965.38284191515,-0.05780093667187991
2021-11-25,110245.67321879553,1717.9957699999998,60,-0.008108190306226337,117965.38284191515,-0.06544046598369258
2021-11-28,112885.07321879554,1761.9857699999998,60,0.023941075626267905,117965.38284191515,-0.043066105502558405
2021-11-29,109631.27321879554,1707.7557699999998,60,-0.028824005754006454,117965.38284191515,-0.07064877358375643
2021-11-30,109764.47321879554,1709.9757699999998,60,0.0012149817847519895,117965.38284191515,-0.06951962877202389
2021-12-01,109825.07321879554,1710.9857699999998,60,0.0005520912023986302,117965.38284191515,-0.06900591874506434
2021-12-02,112097.87321879555,1748.8657699999999,60,0.020694727837532012,117965.38284191515,-0.04973924961514031
2021-12-05,111823.07321879554,1744.2857699999997,60,-0.0024514292029754747,117965.38284191515,-0.05206874656907523
2021-12-06,111137.27321879554,1732.8557699999997,60,-0.006132902452592681,117965.38284191515,-0.05788231647813091
2021-12-07,116365.07321879554,1819.9857699999998,60,0.047039124216301964,117965.38284191515,-0.013565925736571227
2021-12-08,118978.07321879554,1863.5357699999997,60,0.022455191473878866,118978.07321879554,0.0
2021-12-09,119185.07321879553,1866.9857699999995,60,0.0017398163745627748,119185.07321879553,0.0
2021-12-12,120877.07321879553,1895.1857699999996,60,0.014196408613131428,120877.07321879553,0.0
2021-12-13,122785.07321879553,1926.9857699999995,60,0.01578463102383676,122785.07321879553,0.0
2021-12-14,121885.07321879554,1911.9857699999998,60,-0.007329881201408206,122785.07321879553,-0.007329881201408206
2021-12-15,120924.47321879552,1895.9757699999996,60,-0.007881194756930165,122785.07321879553,-0.01515330773704493
2021-12-16,116827.07321879553,1827.6857699999996,60,-0.033883959887808124,122785.07321879553,-0.04852381355332347
2021-12-19,117322.67321879555,1835.9457699999998,60,0.004242167387621398,122785.07321879553,-0.04448749230508109
2021-12-20,116077.07321879554,1815.1857699999998,60,-0.010616873668375049,122785.07321879553,-0.05463204788783027
2021-12-21,116665.07321879554,1824.9857699999998,60,0.005065599809634058,122785.07321879553,-0.04984319216957678
2021-12-22,120985.07321879554,1896.9857699999998,60,0.037029077176321756,122785.07321879553,-0.014659762402816634
2021-12-23,125430.47321879552,1971.0757699999995,60,0.03674337570520536,125430.47321879552,0.0
2021-12-26,121694.27321879556,1908.80577,60,-0.02978701988537269,125430.47321879552,-0.02978701988537269
2021-12-27,122075.87321879552,1915.1657699999994,60,0.003135726849807341,125430.47321879552,-0.026744696993595718
2021-12-28,116245.07321879554,1817.9857699999998,60,-0.04776373779894638,125430.47321879552,-0.07323100809782779
2021-12-29,118285.07321879553,1851.9857699999995,60,0.017549130844972005,125430.47321879552,-0.056967017795873764
2021-12-30,116785.07321879554,1826.9857699999998,60,-0.012681228148080814,125430.47321879552,-0.06892583419436926
2022-01-03,116858.87321879553,1828.2157699999998,60,0.0006319300743318212,125430.47321879552,-0.06833746042756339
2022-01-04,115225.07321879554,1800.9857699999998,60,-0.013980966571028097,125430.47321879552,-0.08136300324880474
2022-01-05,112718.27321879554,1759.2057699999998,60,-0.021755681554134987,125430.47321879552,-0.10134857721397073
2022-01-06,112276.09604371006,1718.9857699999998,0,-0.003922852634791307,125430.47321879552,-0.10487385431560592
2022-01-09,112276.09604371006,1742.9857699999998,0,0.0,125430.47321879552,-0.10487385431560592
2022-01-10,112405.19604371006,1717.5357699999997,-18,0.0011498440411550348,125430.47321879552,-0.10384459885090858
2022-01-11,111929.09604371007,1743.9857699999998,-18,-0.004235569322034283,125430.47321879552,-0.10764032717579108
2022-01-12,113542.07604371005,1654.3757699999999,-18,0.014410730158761265,125430.47321879552,-0.09478077272616092
2022-01-13,113911.11604371008,1643.9857699999998,-36,0.0032502488316132894,125430.47321879552,-0.09183858499036013
2022-01-16,114105.15604371007,1638.5957699999997,-36,0.0017034334026324593,125430.47321879552,-0.09029159250105079
2022-01-17,112415.18604371008,1669.2557699999998,-55,-0.014810636596935267,125430.47321879552,-0.10376495313369449
2022-01-18,111330.03604371008,1688.9857699999998,-55,-0.009653055233819319,125430.47321879552,-0.11241635954357954
2022-01-19,108166.43604371008,1746.5057699999998,-55,-0.028416410453311114,125430.47321879552,-0.13763830058243343
2022-01-20,108681.8774215484,1761.9757699999998,0,0.004765261727122327,125430.47321879552,-0.1335289213812627
2022-01-23,108681.8774215484,1727.1857699999998,0,0.0,125430.47321879552,-0.1335289213812627
2022-01-24,108681.8774215484,1719.9857699999998,0,0.0,125430.47321879552,-0.1335289213812627
2022-01-25,108681.8774215484,1731.9857699999998,0,0.0,125430.47321879552,-0.1335289213812627
2022-01-26,108681.8774215484,1741.9857699999998,0,0.0,125430.47321879552,-0.1335289213812627
2022-01-27,108681.8774215484,1663.9857699999998,0,0.0,125430.47321879552,-0.1335289213812627
2022-02-06,108681.8774215484,1644.9457699999998,0,0.0,125430.47321879552,-0.1335289213812627
2022-02-07,108681.8774215484,1615.9857699999998,0,0.0,125430.47321879552,-0.1335289213812627
2022-02-08,107652.8574215484,1672.9657699999998,-18,-0.009468183881372494,125430.47321879552,-0.14173282888151606
2022-02-09,108066.49742154841,1649.9857699999998,-18,0.0038423504020916877,125430.47321879552,-0.1384350656714668
2022-02-10,108481.0374215484,1626.9557699999998,-18,0.00383597146100656,125430.47321879552,-0.13513012717157857
2022-02-13,108144.4374215484,1645.6557699999998,-18,-0.003102846432893158,125430.47321879552,-0.13781368557140106
2022-02-14,107749.33742154841,1667.6057699999997,-18,-0.0036534472731120093,125430.47321879552,-0.1409636378107647
2022-02-15,107714.5974215484,1669.5357699999997,-18,-0.00032241497564011734,125430.47321879552,-0.14124060399855387
2022-02-16,107814.6774215484,1663.9757699999998,-18,0.0009291219797102901,125430.47321879552,-0.14044271176844625
2022-02-17,107454.49742154841,1683.9857699999998,-18,-0.003340732529317103,125430.47321879552,-0.14331426276205295
2022-02-20,107994.6774215484,1653.9757699999998,-18,0.005027058084696501,125430.47321879552,-0.13900765380062685
2022-02-21,109238.83742154841,1584.8557699999997,-18,0.011520567769683021,125430.47321879552,-0.1290885331270586
2022-02-22,108577.3174215484,1603.9957699999998,-38,-0.006055721715961027,125430.47321879552,-0.1343625306096805
2022-02-23,110967.5174215484,1541.0957699999997,-38,0.022013805984173684,125430.47321879552,-0.11530655530589096
2022-02-24,109153.2174215484,1576.0457699999997,-58,-0.016349829591192466,125430.47321879552,-0.12977114236708476
2022-02-27,109655.4974215484,1567.3857699999999,-58,0.004601605081966609,125430.47321879552,-0.1257666928333272
2022-02-28,105706.8574215484,1635.4657699999998,-58,-0.03600950333406683,125430.47321879552,-0.1572474000224977
2022-03-01,106495.65742154839,1621.8657699999999,-58,0.007462145968963219,125430.47321879552,-0.1509586571057422
2022-03-02,109098.6974215484,1576.9857699999998,-58,0.024442686800798308,125430.47321879552,-0.1302058054804488
2022-03-03,110229.6974215484,1557.4857699999998,-58,0.010366759885591659,125430.47321879552,-0.1211888579159831
2022-03-06,114492.6974215484,1483.9857699999998,-58,0.03867378845917657,125430.47321879552,-0.08720190171145847
2022-03-07,111950.47742154839,1530.1857699999998,-79,-0.02220421089949387,125430.47321879552,-0.10746986319451424
2022-03-08,109898.0574215484,1556.1657699999998,-79,-0.018333284924472726,125430.47321879552,-0.12383287249624775
2022-03-09,108693.3074215484,1571.4157699999998,-79,-0.010962432169103864,125430.47321879552,-0.1334377952003062
2022-03-10,110701.4874215484,1545.9957699999998,-79,0.01847565455167932,125430.47321879552,-0.11742749125688545
2022-03-13,116153.27742154841,1476.9857699999998,-79,0.04924766709989847,125430.47321879552,-0.07396285415478243
2022-03-14,123816.27742154841,1379.9857699999998,-79,0.06597317071122433,125430.47321879552,-0.01286924744700102
2022-03-15,118132.22742154839,1451.9357699999998,-79,-0.04590713045464889,125430.47321879552,-0.058185587680247286
2022-03-16,114561.42742154839,1497.1357699999999,-79,-0.030227145275588452,125430.47321879552,-0.08665394874407939
2022-03-17,115537.8674215484,1484.7757699999997,-79,0.00852328765429089,125430.47321879552,-0.07886923762131459
2022-03-20,115813.57742154841,1481.2857699999997,-79,0.0023863171975821995,125430.47321879552,-0.07667112744182836
2022-03-21,116548.27742154841,1471.9857699999998,-79,0.006343815780128992,125430.47321879552,-0.07081369916984526
2022-03-22,112030.2674215484,1529.1757699999998,-79,-0.03876513750313637,125430.47321879552,-0.10683373388755679
2022-03-23,114499.8074215484,1497.9157699999998,-79,0.0220435071417584,125430.47321879552,-0.0871452169217296
2022-03-24,116943.27742154841,1466.9857699999998,-79,0.021340385237540227,125430.47321879552,-0.06766454418490808
2022-03-27,119250.07742154841,1437.7857699999997,-79,0.019725802550279337,125430.47321879552,-0.049273479072874826
2022-03-28,118760.27742154841,1443.9857699999998,-79,-0.004107334859570488,125430.47321879552,-0.05317843125419697
2022-03-29,113775.37742154842,1507.0857699999997,-79,-0.04197447251075137,125430.47321879552,-0.09292076716410425
2022-03-30,114652.27742154841,1495.9857699999998,-79,0.007707291506060976,125430.47321879552,-0.0859296430975437
2022-03-31,109832.4874215484,1556.9957699999998,-79,-0.04203832761453852,125430.47321879552,-0.12435563222374735
2022-04-05,111955.95521955252,1541.9857699999998,0,0.019333694864380302,125430.47321879552,-0.1074261912074479
2022-04-06,111955.95521955252,1541.9857699999998,0,0.0,125430.47321879552,-0.1074261912074479
2022-04-07,111955.95521955252,1560.9857699999998,0,0.0,125430.47321879552,-0.1074261912074479
2022-04-10,111955.95521955252,1496.9857699999998,0,0.0,125430.47321879552,-0.1074261912074479
2022-04-11,111955.95521955252,1558.9857699999998,0,0.0,125430.47321879552,-0.1074261912074479
2022-04-12,111955.95521955252,1545.9857699999998,0,0.0,125430.47321879552,-0.1074261912074479
2022-04-13,112370.9552195525,1585.9857699999998,20,0.0037068148736361106,125430.47321879552,-0.10411758533719762
2022-04-14,112377.7652195525,1582.9757699999998,39,6.060284872266841e-05,125430.47321879552,-0.1040632923107484
2022-04-17,111786.13521955251,1567.8057699999997,39,-0.0052646535446235765,125430.47321879552,-0.10878008867464306
2022-04-18,111765.85521955251,1567.2857699999997,39,-0.00018141784721481535,125430.47321879552,-0.10894177187235066
2022-04-19,111928.35521955251,1573.9857699999998,59,0.0014539324168438839,125430.47321879552,-0.10764623342918034
2022-04-20,110924.1752195525,1556.9657699999998,59,-0.008971631880324349,125430.47321879552,-0.1156521029298746
2022-04-21,110512.35521955251,1549.9857699999998,59,-0.0037126262078115424,125430.47321879552,-0.11893535610936024
2022-04-24,106677.35521955251,1484.9857699999998,59,-0.03470200225468989,125430.47321879552,-0.14951006336818073
2022-04-25,106394.36650051377,1509.4657699999998,0,-0.0026527534213452997,125430.47321879552,-0.15176620345740055
2022-04-26,106394.36650051377,1571.9057699999998,0,0.0,125430.47321879552,-0.15176620345740055
2022-04-27,106394.36650051377,1611.9857699999998,0,0.0,125430.47321879552,-0.15176620345740055
2022-04-28,106244.58650051379,1605.3657699999999,19,-0.0014077813039026221,125430.47321879552,-0.1529603311375115
2022-05-04,106408.36650051377,1613.9857699999998,19,0.0015415373657574616,125430.47321879552,-0.15165458783768127
2022-05-05,105127.56650051379,1569.9857699999998,39,-0.012036647512992382,125430.47321879552,-0.1618658225331433
2022-05-08,103528.56650051379,1528.9857699999998,39,-0.015210092397527242,125430.47321879552,-0.17461392081393967
2022-05-09,104081.97650051379,1543.1757699999998,39,0.005345481143093522,125430.47321879552,-0.17020183509187858
2022-05-10,103640.46406870823,1544.9857699999998,0,-0.004241968174032329,125430.47321879552,-0.17372181249828933
2022-05-11,103640.46406870823,1539.6557699999998,0,0.0,125430.47321879552,-0.17372181249828933
2022-05-12,103640.46406870823,1555.2257699999998,0,0.0,125430.47321879552,-0.17372181249828933
2022-05-15,103640.46406870823,1534.9857699999998,0,0.0,125430.47321879552,-0.17372181249828933
2022-05-16,103640.46406870823,1544.9857699999998,0,0.0,125430.47321879552,-0.17372181249828933
2022-05-17,103640.46406870823,1537.9857699999998,0,0.0,125430.47321879552,-0.17372181249828933
2022-05-18,103640.46406870823,1532.9857699999998,0,0.0,125430.47321879552,-0.17372181249828933
2022-05-19,103640.46406870823,1576.9957699999998,0,0.0,125430.47321879552,-0.17372181249828933
2022-05-22,103640.46406870823,1557.9857699999998,0,0.0,125430.47321879552,-0.17372181249828933
2022-05-23,103640.46406870823,1536.9857699999998,0,0.0,125430.47321879552,-0.17372181249828933
2022-05-24,103640.46406870823,1532.4957699999998,0,0.0,125430.47321879552,-0.17372181249828933
2022-05-25,103640.46406870823,1519.7857699999997,0,0.0,125430.47321879552,-0.17372181249828933
2022-05-26,103640.46406870823,1532.1457699999999,0,0.0,125430.47321879552,-0.17372181249828933
2022-05-29,103640.46406870823,1555.3957699999999,0,0.0,125430.47321879552,-0.17372181249828933
2022-05-30,103640.46406870823,1581.0157699999997,0,0.0,125430.47321879552,-0.17372181249828933
2022-05-31,103640.46406870823,1565.2357699999998,0,0.0,125430.47321879552,-0.17372181249828933
2022-06-01,103640.46406870823,1562.9857699999998,0,0.0,125430.47321879552,-0.17372181249828933
2022-06-05,103640.46406870823,1564.9857699999998,0,0.0,125430.47321879552,-0.17372181249828933
2022-06-06,103640.46406870823,1594.8857699999999,0,0.0,125430.47321879552,-0.17372181249828933
2022-06-07,104609.86406870822,1642.5857699999997,24,0.009353489572927254,125430.47321879552,-0.1659932280871549
2022-06-08,103846.46406870823,1629.9857699999998,48,-0.007297590975728574,125430.47321879552,-0.17207946837956256
2022-06-09,106131.26406870822,1677.5857699999997,48,0.022001712051440636,125430.47321879552,-0.15386379924137417
2022-06-12,103990.46406870823,1632.9857699999998,48,-0.020171247546943882,125430.47321879552,-0.17093142200530698
2022-06-13,104710.46406870823,1647.9857699999998,48,0.006923711769612595,125430.47321879552,-0.16519119013402905
2022-06-14,104907.26406870822,1652.0857699999997,48,0.001879468320098887,125430.47321879552,-0.16362219342254658
2022-06-15,104998.46406870823,1653.9857699999998,48,0.0008693392284091495,125430.47321879552,-0.16289509738551788
2022-06-16,108550.46406870823,1727.9857699999998,48,0.033829066277347275,125430.47321879552,-0.13457662015388028
2022-06-19,108119.42406870822,1719.0057699999998,48,-0.003970872015131799,125430.47321879552,-0.13801310563415203
2022-06-20,108297.98406870822,1722.7257699999998,48,0.001651507132395702,125430.47321879552,-0.13658952813007508
2022-06-21,107830.46406870823,1712.9857699999998,48,-0.004316977864549876,125430.47321879552,-0.1403168520251582
2022-06-22,108843.26406870822,1734.0857699999997,48,0.009392521944027399,125430.47321879552,-0.132242259192894
2022-06-23,111334.94406870821,1785.9957699999998,48,0.02289236749117607,125430.47321879552,-0.11237723009702494
2022-06-26,111408.86406870822,1787.5357699999997,48,0.0006639424900989344,125430.47321879552,-0.11178789962490698
2022-06-27,112630.46406870823,1812.9857699999998,48,0.010965016205951361,125430.47321879552,-0.10204863954997212
2022-06-28,112342.46406870823,1806.9857699999998,48,-0.002557034656487933,125430.47321879552,-0.10434473229848329
2022-06-29,114102.86406870822,1843.6607699999997,48,0.01566994292490631,125430.47321879552,-0.09030986537320884
2022-06-30,113337.26406870822,1827.7107699999997,48,-0.006709735169653563,125430.47321879552,-0.09641364526300111
2022-07-03,112806.86406870822,1816.6607699999997,48,-0.004679837689380406,125430.47321879552,-0.1006422827415091
2022-07-04,113527.34406870822,1831.6707699999997,48,0.006386845392326146,125430.47321879552,-0.09489822404898363
2022-07-05,112038.86406870822,1800.6607699999997,48,-0.013111202523148457,125430.47321879552,-0.10676519673753881
2022-07-06,111462.86406870822,1788.6607699999997,48,-0.005141073187307277,125430.47321879552,-0.11135738223456115
2022-07-07,111894.86406870822,1797.6607699999997,48,0.0038757303036256463,125430.47321879552,-0.1079132431117944
2022-07-10,110195.66406870821,1762.2607699999996,48,-0.015185683580227871,125430.47321879552,-0.12146019032801036
2022-07-11,110255.63447047984,1747.0707699999998,0,0.0005442174361256491,125430.47321879552,-0.12098207364525637
2022-07-12,110255.63447047984,1757.5507699999998,0,0.0,125430.47321879552,-0.12098207364525637
2022-07-13,110255.63447047984,1751.6607699999997,0,0.0,125430.47321879552,-0.12098207364525637
2022-07-14,110255.63447047984,1748.1607699999997,0,0.0,125430.47321879552,-0.12098207364525637
2022-07-17,110255.63447047984,1750.3207699999998,0,0.0,125430.47321879552,-0.12098207364525637
2022-07-18,110255.63447047984,1741.7607699999996,0,0.0,125430.47321879552,-0.12098207364525637
2022-07-19,110255.63447047984,1748.7607699999996,0,0.0,125430.47321879552,-0.12098207364525637
2022-07-20,110255.63447047984,1737.6607699999997,0,0.0,125430.47321879552,-0.12098207364525637
2022-07-21,110255.63447047984,1745.6607699999997,0,0.0,125430.47321879552,-0.12098207364525637
2022-07-24,110255.63447047984,1743.3107699999998,0,0.0,125430.47321879552,-0.12098207364525637
2022-07-25,110255.63447047984,1748.8707699999998,0,0.0,125430.47321879552,-0.12098207364525637
2022-07-26,110255.63447047984,1718.2607699999996,0,0.0,125430.47321879552,-0.12098207364525637
2022-07-27,110920.53447047985,1696.6607699999997,-29,0.0060305308041017636,125430.47321879552,-0.11568112896301652
2022-07-28,110805.91447047984,1697.1007699999998,-58,-0.001033352395453102,125430.47321879552,-0.11659494198674702
2022-07-31,111278.03447047985,1688.9607699999997,-58,0.00426078339099667,125430.47321879552,-0.11283094438804175
2022-08-01,111876.59447047985,1678.6407699999997,-58,0.005378959134642036,125430.47321879552,-0.10805889829238602
2022-08-02,111730.13447047985,1683.6607699999997,-88,-0.0013091210068844061,125430.47321879552,-0.10922655712553508
2022-08-03,109001.25447047985,1714.6707699999997,-88,-0.02442384959915178,125430.47321879552,-0.13098267372121963
2022-08-04,108301.65447047984,1722.6207699999998,-88,-0.006418274756548548,125430.47321879552,-0.1365602656894781
2022-08-07,109395.49447047984,1710.1907699999997,-88,0.01009993804201903,125430.47321879552,-0.1278395778699245
2022-08-08,109530.13447047985,1708.6607699999997,-88,0.001230763667660506,125430.47321879552,-0.1267661545099954
2022-08-09,112522.13447047985,1674.6607699999997,-88,0.02731668334440318,125430.47321879552,-0.10291230206712942
2022-08-10,109150.03447047985,1705.5607699999998,-119,-0.029968325928661388,125430.47321879552,-0.12979651858537422
2022-08-11,106639.13447047985,1726.6607699999997,-119,-0.023004115501943145,125430.47321879552,-0.1498147799820293
2022-08-14,107604.22447047982,1718.5507699999998,-119,0.009050054698888532,125430.47321879552,-0.14212055723668016
2022-08-15,107104.76836789463,1716.5007699999996,0,-0.004641603106597447,125430.47321879552,-0.14610249312329637
2022-08-16,107104.76836789463,1716.6607699999997,0,0.0,125430.47321879552,-0.14610249312329637
2022-08-17,107104.76836789463,1694.1607699999997,0,0.0,125430.47321879552,-0.14610249312329637
2022-08-18,107104.76836789463,1693.6707699999997,0,0.0,125430.47321879552,-0.14610249312329637
2022-08-21,107104.76836789463,1692.6407699999997,0,0.0,125430.47321879552,-0.14610249312329637
2022-08-22,107104.76836789463,1668.6707699999997,0,0.0,125430.47321879552,-0.14610249312329637
2022-08-23,107104.76836789463,1652.8607699999998,0,0.0,125430.47321879552,-0.14610249312329637
2022-08-24,106267.76836789463,1683.6607699999997,-32,-0.007814778116367216,125430.47321879552,-0.15277551267365697
2022-08-25,105851.76836789463,1696.6607699999997,-32,-0.003914639465842806,125430.47321879552,-0.15609209108817312
2022-08-28,106465.52836789463,1677.4807699999997,-32,0.005798297085286563,125430.47321879552,-0.15119886231967938
2022-08-29,106747.76836789463,1668.6607699999997,-32,0.002650998913232394,125430.47321879552,-0.14894869142613842
2022-08-30,105019.76836789463,1722.6607699999997,-32,-0.016187692037220258,125430.47321879552,-0.16272524791720533
2022-08-31,105393.96836789462,1679.5507699999998,0,0.003563138691080825,125430.47321879552,-0.15974192185299407
2022-09-01,105393.96836789462,1673.6607699999997,0,0.0,125430.47321879552,-0.15974192185299407
2022-09-04,105393.96836789462,1633.6607699999997,0,0.0,125430.47321879552,-0.15974192185299407
2022-09-05,105099.76836789462,1643.6607699999997,-30,-0.002791431089994134,125430.47321879552,-0.16208744437595235
2022-09-06,105909.46836789462,1616.6707699999997,-30,0.007704108320826242,125430.47321879552,-0.15563207528404444
2022-09-07,106144.7683678946,1613.6607699999997,-60,0.0022217088200522372,125430.47321879552,-0.1537561356183339
2022-09-08,104357.36836789461,1643.4507699999997,-60,-0.016839266103110373,125430.47321879552,-0.16800626123878126
2022-09-12,102304.7683678946,1677.6607699999997,-60,-0.01966895133618074,125430.47321879552,-0.18437070559848268
2022-09-13,102904.7683678946,1667.6607699999997,-60,0.00586482927015064,125430.47321879552,-0.1795871790390845
2022-09-14,102244.7683678946,1678.6607699999997,-60,-0.006413696959507553,125430.47321879552,-0.18484905825442255
2022-09-15,102728.20892690912,1657.6607699999997,0,0.0047282669493173834,125430.47321879552,-0.18099480699786208
2022-09-18,102728.20892690912,1670.3007699999998,0,0.0,125430.47321879552,-0.18099480699786208
2022-09-19,102728.20892690912,1676.6607699999997,0,0.0,125430.47321879552,-0.18099480699786208
2022-09-20,102728.20892690912,1646.6607699999997,0,0.0,125430.47321879552,-0.18099480699786208
2022-09-21,102728.20892690912,1619.4707699999997,0,0.0,125430.47321879552,-0.18099480699786208
2022-09-22,102728.20892690912,1633.0907699999998,0,0.0,125430.47321879552,-0.18099480699786208
2022-09-25,102728.20892690912,1661.6607699999997,0,0.0,125430.47321879552,-0.18099480699786208
2022-09-26,102728.20892690912,1686.6607699999997,0,0.0,125430.47321879552,-0.18099480699786208
2022-09-27,102728.20892690912,1681.6607699999997,0,0.0,125430.47321879552,-0.18099480699786208
2022-09-28,102728.20892690912,1679.0107699999996,0,0.0,125430.47321879552,-0.18099480699786208
2022-09-29,102728.20892690912,1671.1607699999997,0,0.0,125430.47321879552,-0.18099480699786208
2022-10-09,102728.20892690912,1584.6607699999997,0,0.0,125430.47321879552,-0.18099480699786208
2022-10-10,102957.46892690912,1578.6507699999997,-26,0.0022317141746637237,125430.47321879552,-0.17916702149951602
2022-10-11,103827.36892690913,1558.6607699999997,-52,0.008449119904235136,125430.47321879552,-0.17223170524281506
2022-10-12,107454.63892690915,1498.6507699999997,-77,0.03493558622826609,125430.47321879552,-0.14331313460430073
2022-10-13,103862.64892690914,1536.2707699999996,-102,-0.03342796584560004,125430.47321879552,-0.1719504338811223
2022-10-16,105811.86892690914,1517.1607699999997,-102,0.01876728564251917,125430.47321879552,-0.15641019114760524
2022-10-17,107104.20892690914,1504.4907699999997,-102,0.012213563687195617,125430.47321879552,-0.1461069532913173
2022-10-18,113002.86892690914,1446.6607699999997,-102,0.05507402611997647,125430.47321879552,-0.09907962533321713
2022-10-19,113461.86892690914,1442.1607699999997,-102,0.004061843777584784,125430.47321879552,-0.09542022751527746
2022-10-20,115450.86892690914,1422.6607699999997,-102,0.017530118433720654,125430.47321879552,-0.07956283697087219
2022-10-23,127968.30892690914,1299.9407699999997,-102,0.10842222424436376,127968.30892690914,0.0
2022-10-24,130164.36892690914,1278.4107699999997,-102,0.017160967574044506,130164.36892690914,0.0
2022-10-25,131762.70892690914,1262.7407699999997,-102,0.012279397297255024,131762.70892690914,0.0
2022-10-26,138196.86892690914,1199.6607699999997,-102,0.04883141863430529,138196.86892690914,0.0
2022-10-27,142378.86892690914,1158.6607699999997,-102,0.030261177640803272,142378.86892690914,0.0
2022-10-30,143398.86892690914,1148.6607699999997,-102,0.007163984428922632,143398.86892690914,0.0
2022-10-31,131973.84892690915,1260.6707699999997,-102,-0.07967301336123755,143398.86892690914,-0.07967301336123755
2022-11-01,130958.94892690913,1270.6207699999998,-102,-0.0076901598934354665,143398.86892690914,-0.08675047504273325
2022-11-02,134269.86892690914,1238.1607699999997,-102,0.025282121054956752,143398.86892690914,-0.06366158999938198
2022-11-03,126408.72892690913,1315.2307699999997,-102,-0.05854731268322966,143398.86892690914,-0.11848168766700629
2022-11-06,127373.64892690914,1305.7707699999996,-102,0.0076333336170000265,143398.86892690914,-0.11175276429947367
2022-11-07,129641.10892690912,1283.5407699999998,-102,0.017801641227229936,143398.86892690914,-0.09594050568845425
2022-11-08,132189.06892690912,1258.5607699999998,-102,0.01965395098121636,143398.86892690914,-0.0781721647031518
2022-11-09,130648.86892690914,1273.6607699999997,-102,-0.011651492914679706,143398.86892690914,-0.08891283519466753
2022-11-10,125227.56892690912,1326.8107699999998,-102,-0.0414951927600149,143398.86892690914,-0.1267185727194402
2022-11-13,123650.17763287382,1331.6607699999997,0,-0.012596198325593666,143398.86892690914,-0.1377185987715237
2022-11-14,123650.17763287382,1386.6607699999997,0,0.0,143398.86892690914,-0.1377185987715237
2022-11-15,123650.17763287382,1383.9107699999997,0,0.0,143398.86892690914,-0.1377185987715237
2022-11-16,123650.17763287382,1365.6607699999997,0,0.0,143398.86892690914,-0.1377185987715237
2022-11-17,123650.17763287382,1365.7907699999998,0,0.0,143398.86892690914,-0.1377185987715237
2022-11-20,123650.17763287382,1318.6407699999997,0,0.0,143398.86892690914,-0.1377185987715237
2022-11-21,123650.17763287382,1338.6107699999998,0,0.0,143398.86892690914,-0.1377185987715237
2022-11-22,123650.17763287382,1347.6607699999997,0,0.0,143398.86892690914,-0.1377185987715237
2022-11-23,123650.17763287382,1318.6507699999997,0,0.0,143398.86892690914,-0.1377185987715237
2022-11-24,123650.17763287382,1320.6707699999997,0,0.0,143398.86892690914,-0.1377185987715237
2022-11-27,123650.17763287382,1308.5407699999998,0,0.0,143398.86892690914,-0.1377185987715237
2022-11-28,123650.17763287382,1397.6607699999997,0,0.0,143398.86892690914,-0.1377185987715237
2022-11-29,123918.41763287382,1397.6607699999997,23,0.0021693458524292275,143398.86892690914,-0.13584801219014186
2022-11-30,124649.81763287383,1429.4607699999997,23,0.005902270332138082,143398.86892690914,-0.13074755355003365
2022-12-01,124689.89763287384,1432.5407699999998,46,0.0003215407833010442,143398.86892690914,-0.13046805343751577
2022-12-04,126116.81763287383,1463.5607699999998,46,0.011443749871391296,143398.86892690914,-0.12051734733587072
2022-12-05,127966.41763287382,1486.6607699999997,70,0.014665768092754883,143398.86892690914,-0.10761905871029764
2022-12-06,127686.41763287382,1482.6607699999997,70,-0.0021880740680206845,143398.86892690914,-0.10957165430672955
2022-12-07,127897.81763287382,1485.6807699999997,70,0.0016556185373437504,143398.86892690914,-0.10809744463142357
2022-12-08,130906.41763287382,1528.6607699999997,70,0.023523466277087568,143398.86892690914,-0.08711680494776253
2022-12-11,131537.81763287383,1537.6807699999997,70,0.004823292940234314,143398.86892690914,-0.08271370187780858
2022-12-12,132306.4176328738,1548.6607699999997,70,0.0058431864982371184,143398.86892690914,-0.07735382696560311
2022-12-13,133767.31763287383,1569.5307699999996,70,0.01104179242501857,143398.86892690914,-0.0671661594412194
2022-12-14,134895.71763287383,1585.6507699999997,70,0.00843554329987306,143398.86892690914,-0.059297199187598904
2022-12-15,134887.31763287383,1585.5307699999996,70,-6.227032367966956e-05,143398.86892690914,-0.059355777055491776
2022-12-18,133916.4176328738,1571.6607699999997,70,-0.007197859791700734,143398.86892690914,-0.06612640228611966
2022-12-19,129856.41763287382,1513.6607699999997,70,-0.03031741792205267,143398.86892690914,-0.09443903843438228
2022-12-20,131536.4176328738,1537.6607699999997,70,0.012937365981784854,143398.86892690914,-0.08272346485579085
2022-12-21,133566.4176328738,1566.6607699999997,70,0.01543298834293827,143398.86892690914,-0.06856714678165954
2022-12-22,133776.4176328738,1569.6607699999997,70,0.0015722514964593426,143398.86892690914,-0.06710270008433561
2022-12-25,131750.61763287382,1540.7207699999997,70,-0.015143177219466675,143398.86892690914,-0.08122972922452043
2022-12-26,132650.11763287382,1553.5707699999998,70,0.006827292472407764,143398.86892690914,-0.07495701587098291
2022-12-27,132650.11763287382,1553.5707699999998,70,0.0,143398.86892690914,-0.07495701587098291
2022-12-28,131670.11763287382,1539.5707699999998,70,-0.007387856245346658,143398.86892690914,-0.08179110045849458
2022-12-29,132230.11763287382,1547.5707699999998,70,0.004253053084993796,143398.86892690914,-0.07788590926563077
2023-01-02,132440.81763287383,1550.5807699999998,70,0.001593434262722182,143398.86892690914,-0.0764165810793156
2023-01-03,132090.81763287383,1545.5807699999998,70,-0.002642689816142685,143398.86892690914,-0.07885732557485547
2023-01-04,137410.11763287382,1621.5707699999998,70,0.04027002100012855,143398.86892690914,-0.0417628907316403
2023-01-05,137604.01763287385,1624.3407699999998,70,0.0014111042428337495,143398.86892690914,-0.04041071828111109
2023-01-08,140224.11763287382,1661.7707699999999,70,0.019040868464977434,143398.86892690914,-0.02213930498749961
2023-01-09,141151.61763287382,1675.0207699999999,70,0.006614411384126662,143398.86892690914,-0.015671332074318922
2023-01-10,140486.61763287382,1665.5207699999999,70,-0.004711246042745532,143398.86892690914,-0.020308746615844697
2023-01-11,139720.11763287382,1654.5707699999998,70,-0.005456035691620453,143398.86892690914,-0.025653977061077082
2023-01-12,143430.11763287382,1707.5707699999998,70,0.02655308385688837,143430.11763287382,0.0
2023-01-15,145243.11763287382,1733.47077,70,0.012640301980652247,145243.11763287382,0.0
2023-01-16,144900.11763287382,1728.5707699999998,70,-0.002361557680598647,145243.11763287382,-0.002361557680598647
2023-01-17,143850.11763287382,1713.5707699999998,70,-0.007246370928837509,145243.11763287382,-0.009590815886512671
2023-01-18,142954.81763287383,1700.7807699999998,70,-0.006223839192713965,145243.11763287382,-0.015754963383422083
2023-01-19,141540.81763287383,1680.5807699999998,70,-0.009891237129421748,145243.11763287382,-0.02549036443405306
2023-01-29,143500.11763287382,1708.5707699999998,70,0.01384265000561169,145243.11763287382,-0.01200056862181742
2023-01-30,140543.31763287383,1666.3307699999998,70,-0.0206048611581251,145243.11763287382,-0.032358159729671376
2023-01-31,140488.01763287385,1665.5407699999998,70,-0.00039347299417280546,145243.11763287382,-0.03273890066184948
2023-02-01,140716.7406451708,1656.6807699999997,0,0.0016280606428276112,145243.11763287382,-0.031164140934678897
2023-02-02,140716.7406451708,1638.5707699999998,0,0.0,145243.11763287382,-0.031164140934678897
2023-02-05,140716.7406451708,1615.5707699999998,0,0.0,145243.11763287382,-0.031164140934678897
2023-02-06,140716.7406451708,1617.5707699999998,0,0.0,145243.11763287382,-0.031164140934678897
2023-02-07,140716.7406451708,1604.5707699999998,0,0.0,145243.11763287382,-0.031164140934678897
2023-02-08,140716.7406451708,1638.5707699999998,0,0.0,145243.11763287382,-0.031164140934678897
2023-02-09,140716.7406451708,1630.5707699999998,0,0.0,145243.11763287382,-0.031164140934678897
2023-02-12,140716.7406451708,1676.9207699999997,0,0.0,145243.11763287382,-0.031164140934678897
2023-02-13,140716.7406451708,1664.3607699999998,0,0.0,145243.11763287382,-0.031164140934678897
2023-02-14,140716.7406451708,1661.5707699999998,0,0.0,145243.11763287382,-0.031164140934678897
2023-02-15,140716.7406451708,1682.3907699999997,0,0.0,145243.11763287382,-0.031164140934678897
2023-02-16,140716.7406451708,1641.3507699999998,0,0.0,145243.11763287382,-0.031164140934678897
2023-02-19,140716.7406451708,1695.5707699999998,0,0.0,145243.11763287382,-0.031164140934678897
2023-02-20,140716.7406451708,1687.5707699999998,0,0.0,145243.11763287382,-0.031164140934678897
2023-02-21,140716.7406451708,1656.5707699999998,0,0.0,145243.11763287382,-0.031164140934678897
2023-02-22,140716.7406451708,1638.5707699999998,0,0.0,145243.11763287382,-0.031164140934678897
2023-02-23,140716.7406451708,1608.5707699999998,0,0.0,145243.11763287382,-0.031164140934678897
2023-02-26,140716.7406451708,1630.98077,0,0.0,145243.11763287382,-0.031164140934678897
2023-02-27,140716.7406451708,1634.3107699999998,0,0.0,145243.11763287382,-0.031164140934678897
2023-02-28,140716.7406451708,1659.1007699999998,0,0.0,145243.11763287382,-0.031164140934678897
2023-03-01,140716.7406451708,1648.5707699999998,0,0.0,145243.11763287382,-0.031164140934678897
2023-03-02,140716.7406451708,1638.6107699999998,0,0.0,145243.11763287382,-0.031164140934678897
2023-03-05,140716.7406451708,1627.71077,0,0.0,145243.11763287382,-0.031164140934678897
2023-03-06,140716.7406451708,1608.8707699999998,0,0.0,145243.11763287382,-0.031164140934678897
2023-03-07,140716.7406451708,1590.9907699999999,0,0.0,145243.11763287382,-0.031164140934678897
2023-03-08,140636.98107925177,1590.5907699999998,-37,-0.0005668093615112113,145243.11763287382,-0.03171328616936486
2023-03-09,141429.24107925175,1570.5707699999998,-73,0.005633368932695726,145243.11763287382,-0.026258569877729343
2023-03-12,140553.24107925175,1582.5707699999998,-73,-0.0061939100663710445,145243.11763287382,-0.03228983672380625
2023-03-13,140261.24107925175,1586.5707699999998,-73,-0.002077504565229815,145243.11763287382,-0.03430025900583189
2023-03-14,141362.08107925177,1571.4907699999999,-73,0.00784849750030392,145243.11763287382,-0.026720967002595075
2023-03-15,141283.97107925176,1572.5607699999998,-73,-0.0005525527029855981,145243.11763287382,-0.02725875496303698
2023-03-16,142013.24107925175,1562.5707699999998,-73,0.005161732038172273,145243.11763287382,-0.02223772531367807
2023-03-19,142918.44107925176,1550.1707699999997,-73,0.00637405352571907,145243.11763287382,-0.01600541623939844
2023-03-20,138079.19294098896,1595.5707699999998,-111,-0.03386020797399636,145243.11763287382,-0.04932367749081834
2023-03-21,138262.34294098898,1593.9207699999997,-111,0.0013264127353227462,145243.11763287382,-0.04806268830947236
2023-03-22,139063.15320203183,1595.4307699999997,0,0.005791962178629095,145243.11763287382,-0.04254910340373497
2023-03-23,139063.15320203183,1599.1907699999997,0,0.0,145243.11763287382,-0.04254910340373497
2023-03-26,139063.15320203183,1588.3607699999998,0,0.0,145243.11763287382,-0.04254910340373497
2023-03-27,139063.15320203183,1602.3707699999998,0,0.0,145243.11763287382,-0.04254910340373497
2023-03-28,139063.15320203183,1610.5707699999998,0,0.0,145243.11763287382,-0.04254910340373497
2023-03-29,139063.15320203183,1620.5707699999998,0,0.0,145243.11763287382,-0.04254910340373497
2023-03-30,139063.15320203183,1640.5707699999998,0,0.0,145243.11763287382,-0.04254910340373497
2023-04-02,138140.3319322815,1622.6407699999997,40,-0.006635986949106831,145243.11763287382,-0.0489027350579585
2023-04-03,138641.1319322815,1635.1607699999997,40,0.0036252989477796316,145243.11763287382,-0.04545472314412813
2023-04-05,137935.9319322815,1617.5307699999998,40,-0.005086513577691076,145243.11763287382,-0.050310030655376425
2023-04-06,137697.1319322815,1611.5607699999998,40,-0.0017312385297634236,145243.11763287382,-0.051954170521635645
2023-04-09,136925.5319322815,1592.2707699999999,40,-0.005603602552734843,145243.11763287382,-0.05726664255181024
2023-04-10,137772.0199745312,1566.0707699999998,0,0.006182105194729726,145243.11763287382,-0.05143856576548478
2023-04-11,137772.0199745312,1514.6707699999997,0,0.0,145243.11763287382,-0.05143856576548478
2023-04-12,136479.98886752466,1543.5707699999998,-39,-0.009378037044425858,145243.11763287382,-0.06033421003464978
2023-04-13,136853.60886752466,1533.9907699999999,-39,0.0027375441857828697,145243.11763287382,-0.05776183341475116
2023-04-16,135309.98886752466,1573.5707699999998,-39,-0.011279351803533566,145243.11763287382,-0.06838966917838263
2023-04-17,135114.98886752466,1578.5707699999998,-39,-0.0014411352896563923,145243.11763287382,-0.06973224570233816
2023-04-18,134953.7179573181,1579.5707699999998,0,-0.001193582677675331,145243.11763287382,-0.07084259717946773
2023-04-19,134953.7179573181,1562.45077,0,0.0,145243.11763287382,-0.07084259717946773
2023-04-20,134953.7179573181,1546.0407699999998,0,0.0,145243.11763287382,-0.07084259717946773
2023-04-23,134953.7179573181,1525.5707699999998,0,0.0,145243.11763287382,-0.07084259717946773
2023-04-24,134953.7179573181,1550.95077,0,0.0,145243.11763287382,-0.07084259717946773
2023-04-25,134953.7179573181,1564.48077,0,0.0,145243.11763287382,-0.07084259717946773
2023-04-26,134953.7179573181,1578.4907699999999,0,0.0,145243.11763287382,-0.07084259717946773
2023-04-27,134953.7179573181,1581.0907699999998,0,0.0,145243.11763287382,-0.07084259717946773
2023-05-03,134953.7179573181,1570.47077,0,0.0,145243.11763287382,-0.07084259717946773
2023-05-04,134953.7179573181,1570.5707699999998,0,0.0,145243.11763287382,-0.07084259717946773
2023-05-07,134953.7179573181,1541.0907699999998,0,0.0,145243.11763287382,-0.07084259717946773
2023-05-08,134953.7179573181,1542.5707699999998,0,0.0,145243.11763287382,-0.07084259717946773
2023-05-09,134953.7179573181,1545.5707699999998,0,0.0,145243.11763287382,-0.07084259717946773
2023-05-10,134953.7179573181,1537.6407699999997,0,0.0,145243.11763287382,-0.07084259717946773
2023-05-11,134953.7179573181,1526.97077,0,0.0,145243.11763287382,-0.07084259717946773
2023-05-14,134953.7179573181,1536.8707699999998,0,0.0,145243.11763287382,-0.07084259717946773
2023-05-15,134953.7179573181,1523.8607699999998,0,0.0,145243.11763287382,-0.07084259717946773
2023-05-16,134953.7179573181,1521.5707699999998,0,0.0,145243.11763287382,-0.07084259717946773
2023-05-17,134953.7179573181,1511.5707699999998,0,0.0,145243.11763287382,-0.07084259717946773
2023-05-18,133694.11323099275,1520.0707699999998,-44,-0.009333605219559171,145243.11763287382,-0.07951498556422554
2023-05-21,131648.11323099275,1566.5707699999998,-44,-0.015303590790605615,145243.11763287382,-0.0936017115540353
2023-05-22,131290.6366614434,1545.1207699999998,0,-0.0027153945527659262,145243.11763287382,-0.0960629405291179
2023-05-23,131290.6366614434,1531.47077,0,0.0,145243.11763287382,-0.0960629405291179
2023-05-24,131290.6366614434,1521.5707699999998,0,0.0,145243.11763287382,-0.0960629405291179
2023-05-25,131290.6366614434,1511.1307699999998,0,0.0,145243.11763287382,-0.0960629405291179
2023-05-28,131290.6366614434,1509.5707699999998,0,0.0,145243.11763287382,-0.0960629405291179
2023-05-29,131290.6366614434,1488.8607699999998,0,0.0,145243.11763287382,-0.0960629405291179
2023-05-30,131290.6366614434,1449.47077,0,0.0,145243.11763287382,-0.0960629405291179
2023-05-31,130550.87964974932,1456.4907699999999,-41,-0.005634499386286573,145243.11763287382,-0.10115617333594829
2023-06-01,129128.99964974931,1491.1707699999997,-41,-0.010891385824551514,145243.11763287382,-0.11094582824816268
2023-06-04,129358.59964974932,1485.5707699999998,-41,0.0017780668991689286,145243.11763287382,-0.10936503045380275
2023-06-05,129148.38056525524,1487.5607699999998,0,-0.0016250878183844408,145243.11763287382,-0.1108123904934395
2023-06-06,129148.38056525524,1471.47077,0,0.0,145243.11763287382,-0.1108123904934395
2023-06-07,129148.38056525524,1488.5707699999998,0,0.0,145243.11763287382,-0.1108123904934395
2023-06-08,129148.38056525524,1486.5707699999998,0,0.0,145243.11763287382,-0.1108123904934395
2023-06-11,129148.38056525524,1516.5707699999998,0,0.0,145243.11763287382,-0.1108123904934395
2023-06-12,129148.38056525524,1519.5707699999998,0,0.0,145243.11763287382,-0.1108123904934395
2023-06-13,129148.38056525524,1547.45077,0,0.0,145243.11763287382,-0.1108123904934395
2023-06-14,129148.38056525524,1575.5707699999998,0,0.0,145243.11763287382,-0.1108123904934395
2023-06-15,130770.59158350492,1618.2607699999999,40,0.012560831279103901,145243.11763287382,-0.09964345495495774
2023-06-18,126777.4898737546,1564.5707699999998,80,-0.030535165906934725,145243.11763287382,-0.12713599143330268
2023-06-19,126734.28987375459,1564.0307699999998,80,-0.00034075449863402163,145243.11763287382,-0.1274334237709175
2023-06-20,126123.8898737546,1556.4007699999997,80,-0.004816376062137917,145243.11763287382,-0.13163603254128886
2023-06-25,123977.4898737546,1529.5707699999998,80,-0.017018187451627642,145243.11763287382,-0.14641401331574033
2023-06-26,124046.23308257396,1531.6207699999998,0,0.00055448137310532,145243.11763287382,-0.14594071578578005
2023-06-27,124046.23308257396,1548.95077,0,0.0,145243.11763287382,-0.14594071578578005
2023-06-28,124046.23308257396,1534.2807699999998,0,0.0,145243.11763287382,-0.14594071578578005
2023-06-29,124046.23308257396,1537.4817699999999,0,0.0,145243.11763287382,-0.14594071578578005
2023-07-02,124046.23308257396,1570.5817699999998,0,0.0,145243.11763287382,-0.14594071578578005
2023-07-03,124046.23308257396,1577.0817699999998,0,0.0,145243.11763287382,-0.14594071578578005
2023-07-04,124046.23308257396,1561.86177,0,0.0,145243.11763287382,-0.14594071578578005
2023-07-05,124046.23308257396,1549.46177,0,0.0,145243.11763287382,-0.14594071578578005
2023-07-06,124046.23308257396,1536.5117699999998,0,0.0,145243.11763287382,-0.14594071578578005
2023-07-09,124046.23308257396,1547.38177,0,0.0,145243.11763287382,-0.14594071578578005
2023-07-10,124046.23308257396,1556.4817699999999,0,0.0,145243.11763287382,-0.14594071578578005
2023-07-11,124046.23308257396,1560.2817699999998,0,0.0,145243.11763287382,-0.14594071578578005
2023-07-12,124046.23308257396,1584.88177,0,0.0,145243.11763287382,-0.14594071578578005
2023-07-13,124046.23308257396,1599.4817699999999,0,0.0,145243.11763287382,-0.14594071578578005
2023-07-16,124046.23308257396,1576.45177,0,0.0,145243.11763287382,-0.14594071578578005
2023-07-17,124046.23308257396,1569.2817699999998,0,0.0,145243.11763287382,-0.14594071578578005
2023-07-18,124046.23308257396,1569.4817699999999,0,0.0,145243.11763287382,-0.14594071578578005
2023-07-19,124046.23308257396,1570.4817699999999,0,0.0,145243.11763287382,-0.14594071578578005
2023-07-20,124046.23308257396,1617.7817699999998,0,0.0,145243.11763287382,-0.14594071578578005
2023-07-23,124947.95218872302,1617.63177,44,0.007269217966085373,145243.11763287382,-0.1397323726928681
2023-07-24,127473.552188723,1675.0317699999998,44,0.020213216429392,145243.11763287382,-0.12234359695490948
2023-07-25,127473.552188723,1675.0317699999998,44,0.0,145243.11763287382,-0.12234359695490948
2023-07-26,127890.67218872302,1684.5117699999998,44,0.003272208178387359,145243.11763287382,-0.11947172249505134
2023-07-27,130485.35218872302,1743.4817699999999,44,0.02028826618544266,145243.11763287382,-0.1016073304172217
2023-07-30,129762.872188723,1727.0617699999998,44,-0.005536866689489273,145243.11763287382,-0.10658161086351581
2023-07-31,130133.35218872302,1735.4817699999999,44,0.0028550539437905975,145243.11763287382,-0.10403085316815663
2023-08-01,129737.35218872302,1726.4817699999999,44,-0.003043032345971586,145243.11763287382,-0.10675731626295859
2023-08-02,129670.03218872301,1724.95177,44,-0.0005188945115981447,145243.11763287382,-0.10722081498907499
2023-08-03,130330.03218872301,1739.95177,44,0.005089842185274085,145243.11763287382,-0.1026767098310718
2023-08-06,130086.272188723,1734.41177,44,-0.0018703287024975923,145243.11763287382,-0.10435499933609438
2023-08-07,130177.35218872302,1736.4817699999999,44,0.0007001507420236752,145243.11763287382,-0.10372791282428984
2023-08-08,130189.67218872302,1736.7617699999998,44,9.464011821469498e-05,145243.11763287382,-0.10364308952800705
2023-08-09,129517.35218872302,1721.4817699999999,44,-0.005164157714641182,145243.11763287382,-0.10827201798229291
2023-08-10,127713.35218872302,1680.4817699999999,44,-0.013928635580592652,145243.11763287382,-0.12069257208083495
2023-08-13,126349.35218872302,1649.4817699999999,44,-0.010680167551975317,145243.11763287382,-0.13008372274070812
2023-08-14,126607.13155042406,1659.46177,0,0.0020402111861721473,145243.11763287382,-0.12830890982081034
2023-08-15,126607.13155042406,1666.4817699999999,0,0.0,145243.11763287382,-0.12830890982081034
2023-08-16,126607.13155042406,1674.5317699999998,0,0.0,145243.11763287382,-0.12830890982081034
2023-08-17,126607.13155042406,1649.0717699999998,0,0.0,145243.11763287382,-0.12830890982081034
2023-08-20,126607.13155042406,1637.4817699999999,0,0.0,145243.11763287382,-0.12830890982081034
2023-08-21,126607.13155042406,1634.4817699999999,0,0.0,145243.11763287382,-0.12830890982081034
2023-08-22,127544.37706335458,1620.4817699999999,-41,0.00740278609469347,145243.11763287382,-0.12185596713956359
2023-08-23,124300.5034306171,1662.7817699999998,-82,-0.025433293943849522,145243.11763287382,-0.14419006245234056
2023-08-24,123588.74343061712,1671.46177,-82,-0.005726123228433022,145243.11763287382,-0.14909053561485608
2023-08-27,122769.5634306171,1681.45177,-82,-0.0066282735568058415,145243.11763287382,-0.1547305963168759
2023-08-28,123329.37736967814,1697.8117699999998,0,0.004559875619150722,145243.11763287382,-0.15087627297140727
2023-08-29,123329.37736967814,1702.4817699999999,0,0.0,145243.11763287382,-0.15087627297140727
2023-08-30,123329.37736967814,1693.4817699999999,0,0.0,145243.11763287382,-0.15087627297140727
2023-08-31,123329.37736967814,1697.5317699999998,0,0.0,145243.11763287382,-0.15087627297140727
2023-09-03,123329.37736967814,1712.4817699999999,0,0.0,145243.11763287382,-0.15087627297140727
2023-09-04,123329.37736967814,1705.18177,0,0.0,145243.11763287382,-0.15087627297140727
2023-09-05,123329.37736967814,1707.4817699999999,0,0.0,145243.11763287382,-0.15087627297140727
2023-09-06,123329.37736967814,1684.4817699999999,0,0.0,145243.11763287382,-0.15087627297140727
2023-09-07,123329.37736967814,1664.9817699999999,0,0.0,145243.11763287382,-0.15087627297140727
2023-09-10,123329.37736967814,1668.65177,0,0.0,145243.11763287382,-0.15087627297140727
2023-09-11,123329.37736967814,1666.44177,0,0.0,145243.11763287382,-0.15087627297140727
2023-09-12,123329.37736967814,1666.39177,0,0.0,145243.11763287382,-0.15087627297140727
2023-09-13,123329.37736967814,1665.17177,0,0.0,145243.11763287382,-0.15087627297140727
2023-09-14,123329.37736967814,1628.4717699999999,0,0.0,145243.11763287382,-0.15087627297140727
2023-09-17,123329.37736967814,1675.68177,0,0.0,145243.11763287382,-0.15087627297140727
2023-09-18,123329.37736967814,1673.42177,0,0.0,145243.11763287382,-0.15087627297140727
2023-09-19,123329.37736967814,1670.4817699999999,0,0.0,145243.11763287382,-0.15087627297140727
2023-09-20,123329.37736967814,1644.87177,0,0.0,145243.11763287382,-0.15087627297140727
2023-09-21,123329.37736967814,1695.4817699999999,0,0.0,145243.11763287382,-0.15087627297140727
2023-09-24,123329.37736967814,1678.86177,0,0.0,145243.11763287382,-0.15087627297140727
2023-09-25,123329.37736967814,1662.4817699999999,0,0.0,145243.11763287382,-0.15087627297140727
2023-09-26,123329.37736967814,1660.4817699999999,0,0.0,145243.11763287382,-0.15087627297140727
2023-09-27,123329.37736967814,1645.0317699999998,0,0.0,145243.11763287382,-0.15087627297140727
2023-10-08,123329.37736967814,1623.4817699999999,0,0.0,145243.11763287382,-0.15087627297140727
2023-10-09,123852.16228736266,1616.4817699999999,-41,0.0042389325952525425,145243.11763287382,-0.1472768947275035
2023-10-10,123503.66228736266,1624.9817699999999,-41,-0.0028138386408741445,145243.11763287382,-0.14967631995108543
2023-10-11,123690.06421883003,1632.4817699999999,-83,0.0015092826238112256,145243.11763287382,-0.1483929411961724
2023-10-12,127424.22306563336,1597.4817699999999,-125,0.030189642720185983,145243.11763287382,-0.12268322835289647
2023-10-15,130941.35328975669,1576.38177,-167,0.02760173960261647,145243.11763287382,-0.09846775927288498
2023-10-16,131592.65328975674,1572.4817699999999,-167,0.004973982501607521,145243.11763287382,-0.09398355368287337
2023-10-17,131258.65328975674,1574.4817699999999,-167,-0.0025381356150981915,145243.11763287382,-0.0962831462931355
2023-10-18,147624.65328975674,1476.4817699999999,-167,0.12468511286544781,147624.65328975674,0.0
2023-10-19,145119.65328975674,1491.4817699999999,-167,-0.016968710470623094,147624.65328975674,-0.016968710470623094
2023-10-22,145289.99328975673,1490.46177,-167,0.0011737900149189073,147624.65328975674,-0.015814838158620725
2023-10-23,145462.0032897567,1489.43177,-167,0.0011839081006559393,147624.65328975674,-0.014649653372971416
2023-10-24,139692.15328975674,1523.9817699999999,-167,-0.039665684986522454,147624.65328975674,-0.053734249823639835
2023-10-25,140572.24328975673,1518.71177,-167,0.0063002107081453484,147624.65328975674,-0.04777257621162756
2023-10-26,139824.08328975673,1523.19177,-167,-0.005322245576303786,147624.65328975674,-0.05284056440552043
2023-10-29,139107.65328975674,1527.4817699999999,-167,-0.005123795437409262,147624.65328975674,-0.05769361560011854
2023-10-30,138509.79328975675,1531.0617699999998,-167,-0.004297822483962599,147624.65328975674,-0.06174348116577377
2023-10-31,122409.32328975672,1627.4717699999999,-167,-0.11624066152722146,147624.65328975674,-0.17080703959729227
2023-11-01,120046.24280504935,1625.9817699999999,0,-0.01930474265521176,147624.65328975674,-0.18681439630937968
2023-11-02,120046.24280504935,1657.7217699999999,0,0.0,147624.65328975674,-0.18681439630937968
2023-11-05,120046.24280504935,1658.4817699999999,0,0.0,147624.65328975674,-0.18681439630937968
2023-11-06,120046.24280504935,1637.65177,0,0.0,147624.65328975674,-0.18681439630937968
2023-11-07,120046.24280504935,1644.8217699999998,0,0.0,147624.65328975674,-0.18681439630937968
2023-11-08,120046.24280504935,1640.5917699999998,0,0.0,147624.65328975674,-0.18681439630937968
2023-11-09,120046.24280504935,1622.3217699999998,0,0.0,147624.65328975674,-0.18681439630937968
2023-11-12,120046.24280504935,1610.4817699999999,0,0.0,147624.65328975674,-0.18681439630937968
2023-11-13,120046.24280504935,1611.7517699999999,0,0.0,147624.65328975674,-0.18681439630937968
2023-11-14,120046.24280504935,1619.41177,0,0.0,147624.65328975674,-0.18681439630937968
2023-11-15,120046.24280504935,1606.5317699999998,0,0.0,147624.65328975674,-0.18681439630937968
2023-11-16,120046.24280504935,1599.90177,0,0.0,147624.65328975674,-0.18681439630937968
2023-11-19,120046.24280504935,1608.9817699999999,0,0.0,147624.65328975674,-0.18681439630937968
2023-11-20,120046.24280504935,1636.4817699999999,0,0.0,147624.65328975674,-0.18681439630937968
2023-11-21,120046.24280504935,1627.9917699999999,0,0.0,147624.65328975674,-0.18681439630937968
2023-11-22,120046.24280504935,1632.4817699999999,0,0.0,147624.65328975674,-0.18681439630937968
2023-11-23,120046.24280504935,1623.4817699999999,0,0.0,147624.65328975674,-0.18681439630937968
2023-11-26,120046.24280504935,1609.4817699999999,0,0.0,147624.65328975674,-0.18681439630937968
2023-11-27,120046.24280504935,1615.5217699999998,0,0.0,147624.65328975674,-0.18681439630937968
2023-11-28,120046.24280504935,1621.19177,0,0.0,147624.65328975674,-0.18681439630937968
2023-11-29,120046.24280504935,1637.9817699999999,0,0.0,147624.65328975674,-0.18681439630937968
2023-11-30,120046.24280504935,1606.7617699999998,0,0.0,147624.65328975674,-0.18681439630937968
2023-12-03,120046.24280504935,1597.19177,0,0.0,147624.65328975674,-0.18681439630937968
2023-12-04,120046.24280504935,1555.4817699999999,0,0.0,147624.65328975674,-0.18681439630937968
2023-12-05,120025.14645095271,1549.4817699999999,-42,-0.00017573523005542935,147624.65328975674,-0.18695730166852198
2023-12-06,120151.14645095271,1546.4817699999999,-42,0.0010497800146529457,147624.65328975674,-0.1861037856927542
2023-12-07,119727.26746059692,1551.40177,-85,-0.003527881363402763,147624.65328975674,-0.1889751149789528
2023-12-10,120315.46746059693,1544.4817699999999,-85,0.004912832410491452,147624.65328975674,-0.18499068563810617
2023-12-11,118350.43501610428,1556.4717699999999,-127,-0.01633233437036008,147624.65328975674,-0.1983016902752226
2023-12-12,124699.16501610429,1506.4817699999999,-127,0.0536434868121618,147624.65328975674,-0.15529579757016898
2023-12-13,129016.9601899636,1482.38177,-169,0.03462569435249785,147624.65328975674,-0.12604732803856322
2023-12-14,127479.06018996364,1491.4817699999999,-169,-0.011920138234039701,147624.65328975674,-0.1364649646983519
2023-12-17,124606.06018996364,1508.4817699999999,-169,-0.02253703467627377,147624.65328975674,-0.15592648373312246
2023-12-18,122409.06018996364,1521.4817699999999,-169,-0.017631566206737004,147624.65328975674,-0.17080882181853518
2023-12-19,123440.63618996364,1515.3777699999998,-169,0.008427284699344284,147624.65328975674,-0.16382099168981523
2023-12-20,120025.14618996362,1535.5877699999999,-169,-0.027669089413504766,147624.65328975674,-0.18695730343644557
2023-12-21,119915.29618996361,1536.23777,-169,-0.0009152248798443008,147624.65328975674,-0.18770142034071624
2023-12-24,119687.14618996362,1537.5877699999999,-169,-0.0019025929739486802,147624.65328975674,-0.18924689391112437
2023-12-25,120025.14618996362,1535.5877699999999,-169,0.0028240292358840957,147624.65328975674,-0.18695730343644557
2023-12-26,120522.00618996363,1532.6477699999998,-169,0.004139632533449511,147624.65328975674,-0.18359160543866748
2023-12-27,110731.83618996362,1590.5777699999999,-169,-0.08123138926652951,147624.65328975674,-0.24990959353774145
2023-12-28,111552.26203591432,1591.5877699999999,0,0.007409123466021406,147624.65328975674,-0.24435208110558437
2024-01-01,111552.26203591432,1550.5977699999999,0,0.0,147624.65328975674,-0.24435208110558437
2024-01-02,111552.26203591432,1559.5877699999999,0,0.0,147624.65328975674,-0.24435208110558437
2024-01-03,111552.26203591432,1534.5877699999999,0,0.0,147624.65328975674,-0.24435208110558437
2024-01-04,111552.26203591432,1528.9477699999998,0,0.0,147624.65328975674,-0.24435208110558437
2024-01-07,111552.26203591432,1509.5777699999999,0,0.0,147624.65328975674,-0.24435208110558437
2024-01-08,111552.26203591432,1506.5877699999999,0,0.0,147624.65328975674,-0.24435208110558437
2024-01-09,111552.26203591432,1507.0877699999999,0,0.0,147624.65328975674,-0.24435208110558437
2024-01-10,111552.26203591432,1512.1577699999998,0,0.0,147624.65328975674,-0.24435208110558437
2024-01-11,111552.26203591432,1508.6477699999998,0,0.0,147624.65328975674,-0.24435208110558437
2024-01-14,111552.26203591432,1505.5877699999999,0,0.0,147624.65328975674,-0.24435208110558437
2024-01-15,111552.26203591432,1505.01777,0,0.0,147624.65328975674,-0.24435208110558437
2024-01-16,111552.26203591432,1442.5877699999999,0,0.0,147624.65328975674,-0.24435208110558437
2024-01-17,110109.33203591433,1476.4577699999998,-39,-0.012935013362036951,147624.65328975674,-0.25412639703347906
2024-01-18,108196.45203591432,1500.5877699999999,-76,-0.01737255112378744,147624.65328975674,-0.2670841243328985
2024-01-21,107664.45203591432,1507.5877699999999,-76,-0.0049169819341525756,147624.65328975674,-0.2706878584528073
2024-01-22,109412.45203591432,1484.5877699999999,-76,0.016235628073571595,147624.65328975674,-0.2588470177731069
2024-01-23,108880.45203591432,1491.5877699999999,-76,-0.0048623350459724435,147624.65328975674,-0.2624507518930157
2024-01-24,107968.45203591432,1503.5877699999999,-76,-0.008376159199809163,147624.65328975674,-0.2686285818128594
2024-01-25,108020.13203591431,1502.9077699999998,-76,0.00047865833977867034,147624.65328975674,-0.26827850478406823
2024-01-28,107056.45203591432,1515.5877699999999,-76,-0.00892129996359925,147624.65328975674,-0.27480641173270304
2024-01-29,107048.1353948599,1478.5877699999999,0,-7.768463176449636e-05,147624.65328975674,-0.27486274812956546
2024-01-30,107048.1353948599,1470.49777,0,0.0,147624.65328975674,-0.27486274812956546
2024-01-31,107048.1353948599,1475.6177699999998,0,0.0,147624.65328975674,-0.27486274812956546
2024-02-01,107048.1353948599,1461.5877699999999,0,0.0,147624.65328975674,-0.27486274812956546
2024-02-04,107048.1353948599,1495.5977699999999,0,0.0,147624.65328975674,-0.27486274812956546
2024-02-05,107048.1353948599,1541.5877699999999,0,0.0,147624.65328975674,-0.27486274812956546
2024-02-06,108031.8153948599,1576.5777699999999,33,0.009189137170596995,147624.65328975674,-0.2681993624546183
2024-02-07,107399.8153948599,1571.5877699999999,66,-0.005850128480115013,147624.65328975674,-0.2724804902060889
2024-02-18,106702.19539485991,1561.01777,66,-0.006495541891158418,147624.65328975674,-0.2772061236585903
2024-02-19,105023.8153948599,1535.5877699999999,66,-0.015729573265002017,147624.65328975674,-0.28857536289199726
2024-02-20,108169.3753948599,1583.24777,66,0.029950921018947696,147624.65328975674,-0.2672675397750419
2024-02-21,108216.89539485992,1583.96777,66,0.00043931103259642335,147624.65328975674,-0.2669456423213237
2024-02-22,107933.75539485991,1579.6777699999998,66,-0.002616412150495573,147624.65328975674,-0.26886361464972786
2024-02-25,106672.4953948599,1560.5677699999999,66,-0.011685500938847793,147624.65328975674,-0.2774073095671642
2024-02-26,106310.8153948599,1555.0877699999999,66,-0.0033905647248729798,147624.65328975674,-0.27985730685379695
2024-02-27,105786.1153948599,1547.1377699999998,66,-0.00493552794277019,147624.65328975674,-0.2834115912386017
2024-02-28,106673.8153948599,1560.5877699999999,66,0.008391460416960816,147624.65328975674,-0.2773983679712275
2024-02-29,106017.7753948599,1550.6477699999998,66,-0.006149962833631006,147624.65328975674,-0.2818423411517257
2024-03-03,105439.6153948599,1541.8877699999998,66,-0.005453425124670508,147624.65328975674,-0.28575876017196344
2024-03-04,106680.41539485988,1560.6877699999998,66,0.011767872970261939,147624.65328975674,-0.2773536599915447
2024-03-05,105720.1153948599,1546.1377699999998,66,-0.00900165223809446,147624.65328975674,-0.2838586710354325
2024-03-06,105923.39539485992,1549.21777,66,0.0019228128841970449,147624.65328975674,-0.28248166526119356
2024-03-07,105118.19539485991,1537.01777,66,-0.007601720063810213,147624.65328975674,-0.28793603878252927
2024-03-10,106640.1553948599,1560.0777699999999,66,0.014478559057097495,147624.65328975674,-0.2776263786676113
2024-03-11,109973.8153948599,1610.5877699999999,66,0.03126083216642317,147624.65328975674,-0.25504437812968817
2024-03-12,108815.51539485992,1593.03777,66,-0.01053250717765064,147624.65328975674,-0.2628906285640684
2024-03-13,108101.39539485992,1582.21777,66,-0.006562667073796047,147624.65328975674,-0.26772803196577755
2024-03-14,108158.1553948599,1583.0777699999999,66,0.0005250626025006255,147624.65328975674,-0.26734354334050314
2024-03-17,107548.97539485991,1573.8477699999999,66,-0.0056323075941524525,147624.65328975674,-0.27147008986525134
2024-03-18,107533.13539485991,1573.6077699999998,66,-0.00014728173784861465,147624.65328975674,-0.27157738901649064
2024-03-19,107637.41539485988,1575.1877699999998,66,0.0009697476002821226,147624.65328975674,-0.2708710029374982
2024-03-20,107597.8153948599,1574.5877699999999,66,-0.00036790181048762527,147624.65328975674,-0.27113925081559653
2024-03-21,107092.91539485988,1566.9377699999998,66,-0.004692474453567241,147624.65328975674,-0.2745594112613522
2024-03-24,106278.47539485991,1554.5977699999999,66,-0.007604984858214703,147624.65328975674,-0.28007637595424395
2024-03-25,107616.95539485989,1574.8777699999998,66,0.012594083562330827,147624.65328975674,-0.2710095976745157
2024-03-26,107069.8153948599,1566.5877699999999,66,-0.0050841430887210715,147624.65328975674,-0.2747158891902428
2024-03-27,107112.0553948599,1567.22777,66,0.00039450894581460894,147624.65328975674,-0.27442975812027126
2024-03-28,107195.2153948599,1568.48777,66,0.0007763831969560542,147624.65328975674,-0.2738664375762644
2024-03-31,108411.5953948599,1586.9177699999998,66,0.011347334818250898,147624.65328975674,-0.26562675692067295
2024-04-01,107927.1553948599,1579.5777699999999,66,-0.004468525698155812,147624.65328975674,-0.2689083226294109
2024-04-02,108001.07539485989,1580.6977699999998,66,0.0006849064049685438,147624.65328975674,-0.2684075932569605
2024-04-07,104803.3753948599,1532.24777,66,-0.02960803851544025,147624.65328975674,-0.29006860941341217
2024-04-08,104399.43279556508,1527.80777,0,-0.0038542899765672267,147624.65328975674,-0.29280489085620043
2024-04-09,104965.81363342277,1513.5677699999999,-40,0.005425133285606787,147624.65328975674,-0.2889682631301661
2024-04-10,104644.27016984044,1513.5877699999999,-80,-0.0030633160688419148,147624.65328975674,-0.29114637807517607
2024-04-11,105761.87016984045,1499.6177699999998,-80,0.010679992303315844,147624.65328975674,-0.2835758268488413
2024-04-14,102645.87016984045,1538.5677699999999,-80,-0.029462413958793343,147624.65328975674,-0.304683412408307
2024-04-15,102884.27016984044,1535.5877699999999,-80,0.0023225483850985995,147624.65328975674,-0.3030685059906637
2024-04-16,103124.27016984044,1532.5877699999999,-80,0.002332718107479481,147624.65328975674,-0.3014427612749154
2024-04-17,102821.87016984045,1536.3677699999998,-80,-0.0029323843892612445,147624.65328975674,-0.3034911996167583
2024-04-18,104753.07016984044,1512.22777,-80,0.018781996445017546,147624.65328975674,-0.29040937380403675
2024-04-21,102479.47016984045,1540.6477699999998,-80,-0.021704375788830887,147624.65328975674,-0.3058105954112258
2024-04-22,101101.87016984045,1557.8677699999998,-80,-0.013442692450662541,147624.65328975674,-0.3151423700796212
2024-04-23,100715.19470683581,1559.1877699999998,0,-0.0038246123672595056,147624.65328975674,-0.3177616850408267
2024-04-24,100715.19470683581,1558.6277699999998,0,0.0,147624.65328975674,-0.3177616850408267
2024-04-25,100715.19470683581,1575.01777,0,0.0,147624.65328975674,-0.3177616850408267
2024-04-28,100715.19470683581,1569.5877699999999,0,0.0,147624.65328975674,-0.3177616850408267
2024-04-29,100715.19470683581,1570.5877699999999,0,0.0,147624.65328975674,-0.3177616850408267
2024-05-05,100715.19470683581,1625.78777,0,0.0,147624.65328975674,-0.3177616850408267
2024-05-06,100865.80987935817,1635.5877699999999,37,0.001495456300916409,147624.65328975674,-0.3167414274539945
2024-05-07,100642.69987935817,1629.55777,37,-0.002211948729374691,147624.65328975674,-0.318252760385372
2024-05-08,100347.80987935817,1621.5877699999999,37,-0.0029300684535836785,147624.65328975674,-0.32025032646548457
2024-05-09,99718.06987935817,1604.5677699999999,37,-0.0062755729373377145,147624.65328975674,-0.3245161451208819
2024-05-12,98497.80987935817,1571.5877699999999,37,-0.012237100070993212,147624.65328975674,-0.33278210864937785
2024-05-13,98492.43987935816,1567.5677699999999,0,-5.4518978712225774e-05,147624.65328975674,-0.33281848468739283
2024-05-14,98492.43987935816,1565.5877699999999,0,0.0,147624.65328975674,-0.33281848468739283
2024-05-15,98492.43987935816,1570.0877699999999,0,0.0,147624.65328975674,-0.33281848468739283
2024-05-16,98492.43987935816,1580.5877699999999,0,0.0,147624.65328975674,-0.33281848468739283
2024-05-19,98492.43987935816,1574.5877699999999,0,0.0,147624.65328975674,-0.33281848468739283
2024-05-20,98492.43987935816,1570.5877699999999,0,0.0,147624.65328975674,-0.33281848468739283
2024-05-21,98492.43987935816,1563.29777,0,0.0,147624.65328975674,-0.33281848468739283
2024-05-22,98492.43987935816,1557.5977699999999,0,0.0,147624.65328975674,-0.33281848468739283
2024-05-23,98492.43987935816,1542.6677699999998,0,0.0,147624.65328975674,-0.33281848468739283
2024-05-26,98492.43987935816,1535.7077699999998,0,0.0,147624.65328975674,-0.33281848468739283
2024-05-27,98734.47942506919,1530.22777,-43,0.002457442886047989,147624.65328975674,-0.3311789242188852
2024-05-28,98331.9994250692,1539.5877699999999,-43,-0.004076387522815139,147624.65328975674,-0.33390529810719505
2024-05-29,99406.9994250692,1514.5877699999999,-43,0.01093235168902651,147624.65328975674,-0.3266233165679058
2024-05-30,99517.07309976907,1514.03777,-88,0.0011073030605137646,147624.65328975674,-0.32587768450546273
2024-06-02,100314.35309976907,1504.97777,-88,0.008011489638573899,147624.65328975674,-0.32047696055974684
2024-06-03,98508.9565845734,1518.78777,-134,-0.017997389799245256,147624.65328975674,-0.33270660157812093
2024-06-04,99741.75658457342,1509.5877699999999,-134,0.012514598090800133,147624.65328975674,-0.32435569288822697
2024-06-05,100303.21658457341,1505.3977699999998,-134,0.005629136875325846,147624.65328975674,-0.32055239860446005
2024-06-06,103067.6365845734,1484.76777,-134,0.027560631594192975,147624.65328975674,-0.30182639357483954
2024-06-10,111417.25659057862,1434.5877699999999,-182,0.08101107469514779,147624.65328975674,-0.2452665993945501
2024-06-11,110929.49659057861,1437.26777,-182,-0.004377777867860866,147624.65328975674,-0.248570654571856
2024-06-12,113963.43659057861,1420.5977699999999,-182,0.027350164683409117,147624.65328975674,-0.22801893822644992
2024-06-13,113965.25659057862,1420.5877699999999,-182,1.5970034376477926e-05,147624.65328975674,-0.22800660966235542
2024-06-16,116422.25659057862,1407.0877699999999,-182,0.021559202106891107,147624.65328975674,-0.21136304813488205
2024-06-17,120062.25659057862,1387.0877699999999,-182,0.03126549945514934,147624.65328975674,-0.18670591994603247
2024-06-18,118173.82459057862,1397.4637699999998,-182,-0.015728773168404597,147624.65328975674,-0.19949803805040756
2024-06-19,118337.62459057863,1396.5637699999997,-182,0.001386093752719919,147624.65328975674,-0.1983884672819093
2024-06-20,123633.82459057862,1367.4637699999998,-182,0.04475499671658634,147624.65328975674,-0.16251234576713336
2024-06-23,122623.72459057864,1373.0137699999998,-182,-0.008170094254909555,147624.65328975674,-0.1693546988395389
2024-06-24,120785.5245905786,1383.11377,-182,-0.0149905738562216,147624.65328975674,-0.1818065485749082
2024-06-25,120317.78459057861,1385.6837699999999,-182,-0.0038724839055463978,147624.65328975674,-0.18497498954717528
2024-06-26,120086.64459057862,1386.9537699999998,-182,-0.0019210792551285216,147624.65328975674,-0.18654071718716714
2024-06-27,124290.8445905786,1363.85377,-182,0.03500972164168381,147624.65328975674,-0.158061734129046
2024-06-30,129206.66459057861,1336.84377,-182,0.039550942116396426,147624.65328975674,-0.12476228251000465
2024-07-01,120048.42459057862,1387.1637699999999,-182,-0.07088055425794026,147624.65328975674,-0.18679961703315007
2024-07-02,118355.82459057862,1396.4637699999998,-182,-0.014099310388891562,147624.65328975674,-0.19826518164096518
2024-07-03,120951.14459057862,1382.2037699999998,-182,0.021928113880139266,147624.65328975674,-0.18068464924231542
2024-07-04,126909.82459057862,1349.4637699999998,-182,0.049265180748559345,147624.65328975674,-0.14032093039716875
2024-07-07,132915.82459057862,1316.4637699999998,-182,0.04732494130675735,147624.65328975674,-0.09963666888556699
2024-07-08,129634.36459057863,1334.4937699999998,-182,-0.02468825672268815,147624.65328975674,-0.12186506994781476
2024-07-09,129714.44459057864,1334.0537699999998,-182,0.0006177374360025745,147624.65328975674,-0.12132261312766002
2024-07-10,125255.44459057864,1358.5537699999998,-182,-0.034375508557077605,147624.65328975674,-0.15152759515900072
2024-07-11,122210.58459057863,1375.2837699999998,-182,-0.024309202765218862,147624.65328975674,-0.17215328288897336
2024-07-14,122924.0245905786,1371.36377,-182,0.0058377922206171995,147624.65328975674,-0.16732048576395908
2024-07-15,122723.82459057862,1372.4637699999998,-182,-0.001628648270074029,147624.65328975674,-0.16867662781434567
2024-07-16,118101.0245905786,1397.86377,-182,-0.0376683175856215,147624.65328975674,-0.19999118061418475
2024-07-17,118809.00459057864,1393.9737699999998,-182,0.005994698203968918,147624.65328975674,-0.1951953691814532
2024-07-18,120006.84247182628,1422.0837699999997,0,0.010082046267245959,147624.65328975674,-0.1870812916574469
2024-07-21,118986.67247182628,1395.4637699999998,39,-0.00850093193843926,147624.65328975674,-0.19399185826855092
2024-07-22,117270.67247182628,1351.4637699999998,39,-0.014421783249769504,147624.65328975674,-0.20561593298615133
2024-07-23,117078.47247182629,1336.4837699999998,0,-0.001638943445524954,147624.65328975674,-0.20691788354601315
2024-07-24,117078.47247182629,1326.9537699999998,0,0.0,147624.65328975674,-0.20691788354601315
2024-07-25,117078.47247182629,1318.65377,0,0.0,147624.65328975674,-0.20691788354601315
2024-07-28,117078.47247182629,1294.4837699999998,0,0.0,147624.65328975674,-0.20691788354601315
2024-07-29,117301.0924718263,1276.4537699999998,-38,0.0019014597244046971,147624.65328975674,-0.20540986984343024
2024-07-30,113944.41247182628,1317.7437699999998,-75,-0.02861593126940598,147624.65328975674,-0.22814780639533894
2024-07-31,116578.41247182626,1282.62377,-75,0.023116535009132244,147624.65328975674,-0.21030525814000123
2024-08-01,116631.66247182626,1281.9137699999999,-75,0.00045677410483579983,147624.65328975674,-0.2099445460311946
2024-08-04,114789.66247182628,1306.4737699999998,-75,-0.01579330998942885,147624.65328975674,-0.2224221367245629
2024-08-05,115187.91247182626,1301.1637699999999,-75,0.0034693890671360084,147624.65328975674,-0.21972441658686814
2024-08-06,114377.91247182628,1311.9637699999998,-75,-0.00703198784158976,147624.65328975674,-0.22521130500251862
2024-08-07,113238.66247182626,1327.15377,-75,-0.009960402103689647,147624.65328975674,-0.23292851195008646
2024-08-08,111029.4741292294,1333.2637699999998,0,-0.01950913490475481,147624.65328975674,-0.24789341309204327
2024-08-11,111029.4741292294,1332.5637699999997,0,0.0,147624.65328975674,-0.24789341309204327
2024-08-12,111029.4741292294,1319.4737699999998,0,0.0,147624.65328975674,-0.24789341309204327
2024-08-13,111029.4741292294,1309.7637699999998,0,0.0,147624.65328975674,-0.24789341309204327
2024-08-14,111029.4741292294,1323.35377,0,0.0,147624.65328975674,-0.24789341309204327
2024-08-15,111029.4741292294,1327.6637699999999,0,0.0,147624.65328975674,-0.24789341309204327
2024-08-18,111029.4741292294,1321.90377,0,0.0,147624.65328975674,-0.24789341309204327
2024-08-19,111029.4741292294,1319.1837699999999,0,0.0,147624.65328975674,-0.24789341309204327
2024-08-20,111029.4741292294,1314.0437699999998,0,0.0,147624.65328975674,-0.24789341309204327
2024-08-21,111029.4741292294,1306.5137699999998,0,0.0,147624.65328975674,-0.24789341309204327
2024-08-22,111029.4741292294,1311.4537699999998,0,0.0,147624.65328975674,-0.24789341309204327
2024-08-25,111029.4741292294,1308.4637699999998,0,0.0,147624.65328975674,-0.24789341309204327
2024-08-26,111029.4741292294,1300.5337699999998,0,0.0,147624.65328975674,-0.24789341309204327
2024-08-27,111029.4741292294,1285.4637699999998,0,0.0,147624.65328975674,-0.24789341309204327
2024-08-28,111029.4741292294,1309.7637699999998,0,0.0,147624.65328975674,-0.24789341309204327
2024-08-29,111029.4741292294,1339.65377,0,0.0,147624.65328975674,-0.24789341309204327
2024-09-01,111029.4741292294,1291.4637699999998,0,0.0,147624.65328975674,-0.24789341309204327
2024-09-02,111029.4741292294,1306.4637699999998,0,0.0,147624.65328975674,-0.24789341309204327
2024-09-03,111029.4741292294,1296.4637699999998,0,0.0,147624.65328975674,-0.24789341309204327
2024-09-04,111029.4741292294,1301.34377,0,0.0,147624.65328975674,-0.24789341309204327
2024-09-05,111029.4741292294,1294.4637699999998,0,0.0,147624.65328975674,-0.24789341309204327
2024-09-08,111029.4741292294,1271.4637699999998,0,0.0,147624.65328975674,-0.24789341309204327
2024-09-09,110697.29412922938,1274.4637699999998,-41,-0.002991818187064399,147624.65328975674,-0.2501435792573654
2024-09-10,110615.29412922938,1276.4637699999998,-41,-0.0007407588473145044,147624.65328975674,-0.25069904203524607
2024-09-11,112457.83412922939,1231.5237699999998,-41,0.01665719026021306,147624.65328975674,-0.23821779341626725
2024-09-12,114795.76412922938,1200.59377,-81,0.020789392025044595,147624.65328975674,-0.22238080448589448
2024-09-17,119130.39412922939,1163.36377,-121,0.0377594942886601,147624.65328975674,-0.1930182969141272
2024-09-18,119880.29412922941,1157.4637699999998,-162,0.006294783169999096,147624.65328975674,-0.1879385220710451
2024-09-19,119407.2541292294,1160.38377,-162,-0.0039459362644712614,147624.65328975674,-0.19114286490578503
2024-09-22,119792.8141292294,1158.0037699999998,-162,0.0032289495542936475,147624.65328975674,-0.1885311060199354
2024-09-23,101801.09412922943,1269.0637699999997,-162,-0.15019031091957624,147624.65328975674,-0.31040587150836596
2024-09-24,97336.25712052424,1295.4637699999998,0,-0.043858438329134164,147624.65328975674,-0.34065039306494926
2024-09-25,97336.25712052424,1425.4637699999998,0,0.0,147624.65328975674,-0.34065039306494926
2024-09-26,98032.05712052424,1525.6637699999999,24,0.007148415406383002,147624.65328975674,-0.33593708817654233
2024-09-29,102166.25712052424,1644.4637699999998,47,0.042171919282661285,147624.65328975674,-0.30793228066051437
2024-10-07,100991.25712052424,1619.4637699999998,47,-0.011500861763134473,147624.65328975674,-0.31589165583136547
2024-10-08,94982.30712052426,1491.61377,47,-0.059499704938109854,147624.65328975674,-0.35659590045509815
2024-10-09,96250.38126705622,1536.4637699999998,0,0.013350635344358208,147624.65328975674,-0.3480060469430091
2024-10-10,96250.38126705622,1501.4537699999998,0,0.0,147624.65328975674,-0.3480060469430091
2024-10-13,96250.38126705622,1498.4537699999998,0,0.0,147624.65328975674,-0.3480060469430091
2024-10-14,96250.38126705622,1450.7137699999998,0,0.0,147624.65328975674,-0.3480060469430091
2024-10-15,96250.38126705622,1418.9637699999998,0,0.0,147624.65328975674,-0.3480060469430091
2024-10-16,96250.38126705622,1391.0637699999997,0,0.0,147624.65328975674,-0.3480060469430091
2024-10-17,96250.38126705622,1437.4637699999998,0,0.0,147624.65328975674,-0.3480060469430091
2024-10-20,96250.38126705622,1425.2637699999998,0,0.0,147624.65328975674,-0.3480060469430091
2024-10-21,96250.38126705622,1439.4637699999998,0,0.0,147624.65328975674,-0.3480060469430091
2024-10-22,96250.38126705622,1463.9637699999998,0,0.0,147624.65328975674,-0.3480060469430091
2024-10-23,96250.38126705622,1448.6637699999999,0,0.0,147624.65328975674,-0.3480060469430091
2024-10-24,96250.38126705622,1455.3137699999997,0,0.0,147624.65328975674,-0.3480060469430091
2024-10-27,96250.38126705622,1461.4637699999998,0,0.0,147624.65328975674,-0.3480060469430091
2024-10-28,96250.38126705622,1428.0837699999997,0,0.0,147624.65328975674,-0.3480060469430091
2024-10-29,96250.38126705622,1428.4637699999998,0,0.0,147624.65328975674,-0.3480060469430091
2024-10-30,96250.38126705622,1424.2537699999998,0,0.0,147624.65328975674,-0.3480060469430091
2024-10-31,96250.38126705622,1430.2137699999998,0,0.0,147624.65328975674,-0.3480060469430091
2024-11-03,96250.38126705622,1444.6637699999999,0,0.0,147624.65328975674,-0.3480060469430091
2024-11-04,96250.38126705622,1473.4537699999998,0,0.0,147624.65328975674,-0.3480060469430091
2024-11-05,96250.38126705622,1467.4637699999998,0,0.0,147624.65328975674,-0.3480060469430091
2024-11-06,96250.38126705622,1545.60377,0,0.0,147624.65328975674,-0.3480060469430091
2024-11-07,96250.38126705622,1506.4337699999999,0,0.0,147624.65328975674,-0.3480060469430091
2024-11-10,96397.57126705622,1494.4737699999998,19,0.001529240695593792,147624.65328975674,-0.34700899125671325
2024-11-11,96002.18126705622,1473.6637699999999,19,-0.004101659355136955,147624.65328975674,-0.3496873379365454
2024-11-12,96221.38126705622,1474.9637699999998,38,0.002283281453681063,147624.65328975674,-0.34820249109616197
2024-11-13,96042.78126705621,1470.2637699999998,38,-0.0018561363144883325,147624.65328975674,-0.3494123161221314
2024-11-14,95275.38126705623,1455.4637699999998,58,-0.007990189266449343,147624.65328975674,-0.3546106348507365
2024-11-17,95275.38126705623,1455.4637699999998,58,0.0,147624.65328975674,-0.3546106348507365
2024-11-18,94284.74126705622,1438.38377,58,-0.010397649285949884,147624.65328975674,-0.36132116712244045
2024-11-19,94340.25131511064,1441.2737699999998,0,0.0005887490097384873,147624.65328975674,-0.36094514559204294
2024-11-20,94340.25131511064,1441.59377,0,0.0,147624.65328975674,-0.36094514559204294
2024-11-21,94340.25131511064,1404.2837699999998,0,0.0,147624.65328975674,-0.36094514559204294
2024-11-24,94608.71131511065,1395.0337699999998,-22,0.0028456570367119127,147624.65328975674,-0.35912661464875206
2024-11-25,94379.25131511065,1405.4637699999998,-22,-0.002425358054352289,147624.65328975674,-0.36068096207573364
2024-11-26,93932.05131511064,1415.5137699999998,-44,-0.0047383295985991,147624.65328975674,-0.3637102663960782
2024-11-27,93978.25131511064,1414.4637699999998,-44,0.0004918448958919353,147624.65328975674,-0.3633973105382966
2024-11-28,93637.69131511063,1422.2037699999998,-44,-0.0036238171623146354,147624.65328975674,-0.3657042422899436
2024-12-01,93670.25131511064,1421.4637699999998,-44,0.000347723224939811,147624.65328975674,-0.36548368292350697
2024-12-02,93593.69131511063,1423.2037699999998,-44,-0.0008173352684029966,147624.65328975674,-0.3660022954878307
2024-12-03,93890.25131511064,1416.4637699999998,-44,0.00316858963283706,147624.65328975674,-0.36399341693407095
2024-12-04,94286.25131511064,1407.4637699999998,-44,0.004217690276181685,147624.65328975674,-0.36131093815308624
2024-12-05,93845.81131511064,1417.4737699999998,-44,-0.004671306726661828,147624.65328975674,-0.36429445066393706
2024-12-08,93943.05131511064,1415.2637699999998,-44,0.0010361677163566174,147624.65328975674,-0.36363575309660634
2024-12-09,92720.29131511063,1443.0537699999998,-44,-0.013015970663956211,147624.65328975674,-0.3719186514658914
2024-12-10,93004.85365884849,1432.0637699999997,0,0.003069040656599853,147624.65328975674,-0.36999104427158824
2024-12-11,93004.85365884849,1462.2637699999998,0,0.0,147624.65328975674,-0.36999104427158824
2024-12-12,93004.85365884849,1415.4637699999998,0,0.0,147624.65328975674,-0.36999104427158824
2024-12-15,93004.85365884849,1423.6637699999999,0,0.0,147624.65328975674,-0.36999104427158824
2024-12-16,93004.85365884849,1454.4637699999998,0,0.0,147624.65328975674,-0.36999104427158824
2024-12-17,93004.85365884849,1467.9637699999998,0,0.0,147624.65328975674,-0.36999104427158824
2024-12-18,93004.85365884849,1447.4737699999998,0,0.0,147624.65328975674,-0.36999104427158824
2024-12-19,93004.85365884849,1442.34577,0,0.0,147624.65328975674,-0.36999104427158824
2024-12-22,93004.85365884849,1446.79577,0,0.0,147624.65328975674,-0.36999104427158824
2024-12-23,93004.85365884849,1459.1657699999998,0,0.0,147624.65328975674,-0.36999104427158824
2024-12-24,93004.85365884849,1450.34577,0,0.0,147624.65328975674,-0.36999104427158824
2024-12-25,93004.85365884849,1448.1357699999999,0,0.0,147624.65328975674,-0.36999104427158824
2024-12-26,93004.85365884849,1449.31577,0,0.0,147624.65328975674,-0.36999104427158824
2024-12-29,93004.85365884849,1445.34577,0,0.0,147624.65328975674,-0.36999104427158824
2024-12-30,93004.85365884849,1444.34577,0,0.0,147624.65328975674,-0.36999104427158824
2025-01-01,93004.85365884849,1408.34577,0,0.0,147624.65328975674,-0.36999104427158824
2025-01-02,93604.35365884849,1395.34577,-31,0.006445900148383865,147624.65328975674,-0.3659300694503753
2025-01-05,95087.35365884847,1360.34577,-62,0.01584328016840919,147624.65328975674,-0.35588432189431385
2025-01-06,95208.21365884847,1360.54577,-93,0.0012710417878871727,147624.65328975674,-0.3550656239512082
2025-01-07,94994.31365884848,1362.84577,-93,-0.002246654902763323,147624.65328975674,-0.3565145689291189
2025-01-08,95009.49365884846,1364.34577,-125,0.0001597990386508208,147624.65328975674,-0.356411740575848
2025-01-09,96009.49365884846,1356.34577,-125,0.010525263965627474,147624.65328975674,-0.34963780426022995
2025-01-12,95011.99365884846,1364.32577,-125,-0.010389597549013474,147624.65328975674,-0.3563948057350589
2025-01-13,91446.99365884846,1392.84577,-125,-0.03752157872616113,147624.65328975674,-0.38054388870023714
2025-01-14,91600.74365884849,1391.6157699999999,-125,0.0016813018542043423,147624.65328975674,-0.37950239599171065
2025-01-15,94711.99365884846,1366.72577,-125,0.033965335604559055,147624.65328975674,-0.35842698662974437
2025-01-16,93665.74365884846,1375.09577,-125,-0.011046647415833943,147624.65328975674,-0.3655142174999597
2025-01-19,91159.49365884849,1395.1457699999999,-125,-0.026757381109664746,147624.65328975674,-0.3824913953909771
2025-01-20,90369.53429275374,1388.49577,0,-0.008665684004905194,147624.65328975674,-0.38784252982882883
2025-01-21,90369.53429275374,1361.34577,0,0.0,147624.65328975674,-0.38784252982882883
2025-01-22,90369.53429275374,1363.34577,0,0.0,147624.65328975674,-0.38784252982882883
2025-01-23,90369.53429275374,1356.34577,0,0.0,147624.65328975674,-0.38784252982882883
2025-01-26,90369.53429275374,1355.33577,0,0.0,147624.65328975674,-0.38784252982882883
2025-02-04,90369.53429275374,1324.1457699999999,0,0.0,147624.65328975674,-0.38784252982882883
2025-02-05,89953.97429275373,1333.1857699999998,-32,-0.004598452379468876,147624.65328975674,-0.3906575068041471
2025-02-06,89212.85429275373,1356.34577,-32,-0.00823888000310058,147624.65328975674,-0.39567780648637796
2025-02-09,89356.53429275373,1351.85577,-32,0.0016105302440891922,147624.65328975674,-0.39470452731655004
2025-02-10,89788.85429275373,1338.34577,-32,0.0048381464592575085,147624.65328975674,-0.39177601916858196
2025-02-11,88988.85429275373,1363.34577,-32,-0.008909791825515767,147624.65328975674,-0.39719516822107637
2025-02-12,88282.93429275374,1385.4057699999998,-32,-0.007932678823773576,147624.65328975674,-0.40197702534499746
2025-02-13,88277.93429275374,1395.34577,0,-5.66360875978722e-05,147624.65328975674,-0.4020108950265755
2025-02-16,88277.93429275374,1391.9657699999998,0,0.0,147624.65328975674,-0.4020108950265755
2025-02-17,88432.93429275374,1395.34577,32,0.0017558181582044696,147624.65328975674,-0.4009609348976547
2025-02-18,88944.93429275374,1411.34577,32,0.00578969819439723,147624.65328975674,-0.3974926795040583
2025-02-19,88400.93429275374,1394.34577,32,-0.006116143705379273,147624.65328975674,-0.40117770085975446
2025-02-20,88855.65429275374,1408.55577,32,0.005143837037899557,147624.65328975674,-0.39809745653831663
2025-02-23,88563.17429275374,1399.4157699999998,32,-0.00329163070519245,147624.65328975674,-0.4000786974319086
2025-02-24,87760.93429275374,1374.34577,32,-0.009058392570123197,147624.65328975674,-0.40551302010175005
2025-02-25,87953.25429275373,1380.35577,32,0.002191407846211524,147624.65328975674,-0.40421025666953037
2025-02-26,88770.85429275373,1405.9057699999998,32,0.00929584705619435,147624.65328975674,-0.3986718863378811
2025-02-27,89258.21429275374,1421.1357699999999,32,0.005490090231561329,147624.65328975674,-0.39537054073510147
2025-03-02,88817.57429275374,1407.3657699999999,32,-0.004936688499668662,147624.65328975674,-0.39835540803321545
2025-03-03,87809.86429275373,1390.4557699999998,63,-0.011345840145087327,147624.65328975674,-0.40518157139782685
2025-03-04,87574.24429275373,1386.7157699999998,63,-0.0026832976214887783,147624.65328975674,-0.4067776462725128
2025-03-05,90069.67429275374,1426.32577,63,0.028495021797253273,147624.65328975674,-0.3898737623724301
2025-03-06,91015.93429275374,1441.34577,63,0.010505866790684326,147624.65328975674,-0.38346385739441347
2025-03-09,91135.63429275375,1443.24577,63,0.0013151543290759182,147624.65328975674,-0.38265301721743383
2025-03-10,92759.77429275375,1469.02577,63,0.017821130149627384,147624.65328975674,-0.37165119628978605
2025-03-11,92375.47429275373,1462.9257699999998,63,-0.004142959628029574,147624.65328975674,-0.37425442001587816
2025-03-12,92072.44429275373,1458.1157699999999,63,-0.003280416174531786,147624.65328975674,-0.37630712593759985
2025-03-13,97757.56429275374,1548.35577,63,0.06174616133708355,147624.65328975674,-0.3377964851109536
2025-03-16,98378.11429275373,1558.2057699999998,63,0.00634784637372543,147624.65328975674,-0.33359291893029686
2025-03-17,97504.93429275374,1544.34577,63,-0.008875754595189522,147624.65328975674,-0.3395077846423682
2025-03-18,98242.66429275373,1556.05577,63,0.007566078633364226,147624.65328975674,-0.3345104486042474
2025-03-19,96244.93429275374,1524.34577,63,-0.020334648030787883,147624.65328975674,-0.3480429444000469
2025-03-20,94339.18429275374,1494.09577,63,-0.019801042143196557,147624.65328975674,-0.36095237353353593
2025-03-23,94921.93429275374,1503.34577,63,0.006177178702241104,147624.65328975674,-0.35700486214560945
2025-03-24,94449.43429275374,1495.84577,63,-0.004977774668421087,147624.65328975674,-0.36020554705473895
2025-03-25,94480.93429275374,1496.34577,63,0.0003335117911067442,147624.65328975674,-0.35999216806079704
2025-03-26,95299.93429275374,1509.34577,63,0.008668415549980546,147624.65328975674,-0.3544443142183059
2025-03-27,95061.16429275373,1505.55577,63,-0.0025054581807635312,147624.65328975674,-0.35606172699238603
2025-03-30,93535.93429275374,1481.34577,63,-0.016044722483125162,147624.65328975674,-0.36639353787905604
2025-03-31,93716.94821564198,1476.3657699999999,0,0.001935234028044297,147624.65328975674,-0.36516736109317083
2025-04-01,93716.94821564198,1469.3657699999999,0,0.0,147624.65328975674,-0.36516736109317083
2025-04-02,93716.94821564198,1489.22577,0,0.0,147624.65328975674,-0.36516736109317083
2025-04-06,93716.94821564198,1420.34577,0,0.0,147624.65328975674,-0.36516736109317083
2025-04-07,92847.948215642,1465.34577,-27,-0.009272602411256714,147624.65328975674,-0.37105391175144287
2025-04-08,92533.34821564199,1461.3857699999999,-53,-0.003388335510326357,147624.65328975674,-0.37318499211633627
2025-04-09,92111.46821564199,1469.34577,-53,-0.0045592211687492945,147624.65328975674,-0.37604278036916927
2025-04-10,91052.52821564199,1489.32577,-53,-0.011496288361411366,147624.65328975674,-0.38321597249122974
2025-04-13,91952.99821564199,1472.33577,-53,0.009889566139969164,147624.65328975674,-0.37711624605710525
2025-04-14,91634.46821564199,1478.34577,-53,-0.003464052354801961,147624.65328975674,-0.379273947991719
2025-04-15,91572.45821564198,1479.51577,-53,-0.0006767104257546785,147624.65328975674,-0.3796939997826506
2025-04-16,90998.46821564199,1490.34577,-53,-0.006268151048739012,147624.65328975674,-0.3835821714884521
2025-04-17,91213.64821564198,1486.28577,-53,0.0023646551883715894,147624.65328975674,-0.3821245558720574
2025-04-20,92005.46821564199,1471.34577,-53,0.008680937726863291,147624.65328975674,-0.3767608176186248
2025-04-21,92122.068215642,1469.1457699999999,-53,0.0012673159787277566,147624.65328975674,-0.37597097664422363
2025-04-22,91952.46821564199,1472.34577,-53,-0.0018410355225959574,147624.65328975674,-0.37711983624335255
2025-04-23,91939.21821564199,1472.59577,-53,-0.00014409618640065514,147624.65328975674,-0.37720959089953443
2025-04-24,92058.46821564199,1470.34577,-53,0.0012970525779358866,147624.65328975674,-0.37640179899389703
2025-04-27,92058.46821564199,1470.34577,-53,0.0,147624.65328975674,-0.37640179899389703
2025-04-28,92376.46821564199,1464.34577,-53,0.0034543264314923494,147624.65328975674,-0.3742476872455305
2025-04-29,92217.46821564199,1467.34577,-53,-0.0017212175684053754,147624.65328975674,-0.37532474311971376
2025-05-05,92047.86821564198,1470.54577,-53,-0.0018391309508022369,147624.65328975674,-0.37647360271884256
2025-05-06,91793.46821564199,1475.34577,-53,-0.0027637793783991116,147624.65328975674,-0.3781968921175357
2025-05-07,90564.39821564198,1498.53577,-53,-0.01338951478674566,147624.65328975674,-0.3865225340249724
2025-05-08,90515.21192207982,1511.52577,0,-0.0005431084899945038,147624.65328975674,-0.3868557188451638
2025-05-11,90731.21192207982,1524.84577,34,0.002386339217610667,147624.65328975674,-0.38539254860099026
2025-05-12,90248.41192207982,1510.6457699999999,34,-0.005321211849508067,147624.65328975674,-0.38866300505417073
2025-05-13,91767.87192207982,1555.33577,34,0.01683641814453085,147624.65328975674,-0.3783702797800418
2025-05-14,91666.55192207982,1552.35577,34,-0.0011040901121259772,147624.65328975674,-0.3790566150075402
2025-05-15,91058.63192207983,1534.47577,34,-0.006631862846949277,147624.65328975674,-0.38317462637253064
2025-05-18,89863.53192207983,1499.32577,34,-0.013124510820925472,147624.65328975674,-0.39127015766332573
2025-05-19,90102.21192207982,1506.34577,34,0.0026560273661060396,147624.65328975674,-0.389653354543514
2025-05-20,89931.19192207983,1501.31577,34,-0.0018980666107052402,147624.65328975674,-0.3908118331322109
2025-05-21,89898.21192207982,1500.34577,34,-0.00036672481810962054,147624.65328975674,-0.39103523755190006
2025-05-22,89646.61192207981,1492.9457699999998,34,-0.002798720849065184,147624.65328975674,-0.39273955992890963
2025-05-25,88895.21192207982,1470.84577,34,-0.008381800314473775,147624.65328975674,-0.397829495676465
2025-05-26,88907.21192207982,1464.24577,0,0.00013499039757647324,147624.65328975674,-0.3977482084406776
2025-05-27,88907.21192207982,1457.34577,0,0.0,147624.65328975674,-0.3977482084406776
2025-05-28,88907.21192207982,1460.34577,0,0.0,147624.65328975674,-0.3977482084406776
2025-05-29,89555.61192207981,1442.34577,-36,0.007292996664525653,147624.65328975674,-0.39335598813363093
2025-06-02,89982.9719220798,1429.34577,-72,0.004772006922043381,147624.65328975674,-0.3904610787097884
2025-06-03,89913.8519220798,1430.30577,-72,-0.0007681453337621269,147624.65328975674,-0.3909292931879239
2025-06-04,89622.9719220798,1434.34577,-72,-0.0032350966373021484,147624.65328975674,-0.392899695783411
2025-06-05,90170.8919220798,1426.73577,-72,0.006113611145102116,147624.65328975674,-0.3891881205973575
2025-06-08,91631.0519220798,1406.4557699999998,-72,0.016193252266615943,147624.65328975674,-0.3792970897467447
2025-06-09,92853.86192207978,1395.35577,-111,0.013344930286731005,147624.65328975674,-0.371013852680644
2025-06-10,92299.9719220798,1400.34577,-111,-0.005965179999349868,147624.65328975674,-0.3747658682665016
2025-06-11,94630.9719220798,1379.34577,-111,0.025254612232903373,147624.65328975674,-0.358975822714796
2025-06-12,98899.3819220798,1347.29577,-152,0.04510584551022756,147624.65328975674,-0.3300618852058489
2025-06-15,99607.70192207981,1342.6357699999999,-152,0.007162026559054402,147624.65328975674,-0.3252637706347703
2025-06-16,98891.7819220798,1347.34577,-152,-0.0071873960164250406,147624.65328975674,-0.3301133671218477
2025-06-17,99195.7819220798,1345.34577,-152,0.0030740673703253396,147624.65328975674,-0.3280540904818998
2025-06-18,99043.7819220798,1346.34577,-152,-0.0015323232203502402,147624.65328975674,-0.32908372880187375
2025-06-19,98639.46192207979,1349.00577,-152,-0.004082235069719942,147624.65328975674,-0.3318225667330045
2025-06-22,99955.7819220798,1340.34577,-152,0.013344760548672063,147624.65328975674,-0.32290589888203014
2025-06-23,97341.3819220798,1357.54577,-152,-0.026155565488328092,147624.65328975674,-0.3406156779855818
2025-06-24,97545.06192207983,1356.2057699999998,-152,0.0020924297146620585,147624.65328975674,-0.33923596263681655
2025-06-25,95749.4859220798,1368.01877,-152,-0.018407656570399777,147624.65328975674,-0.3513990801106689
2025-06-26,98319.8059220798,1351.1087699999998,-152,0.026844217232578238,147624.65328975674,-0.33398789611990953
2025-06-29,97342.44592207979,1357.5387699999999,-152,-0.009940621737746236,147624.65328975674,-0.3406084705173421
2025-06-30,98014.28592207981,1353.1187699999998,-152,0.0069018195879093636,147624.65328975674,-0.3360574691430571
2025-07-01,97330.28592207981,1357.6187699999998,-152,-0.006978574537019777,147624.65328975674,-0.34069084158293983
2025-07-02,96418.28592207981,1363.6187699999998,-152,-0.009370156384109762,147624.65328975674,-0.34686867150278344
2025-07-03,95412.0459220798,1370.23877,-152,-0.010436194653089093,147624.65328975674,-0.35368487718101105
2025-07-06,95385.13834780618,1358.71877,0,-0.00028201443553144134,147624.65328975674,-0.35386714737554825
2025-07-07,95385.13834780618,1364.1287699999998,0,0.0,147624.65328975674,-0.35386714737554825
2025-07-08,95385.13834780618,1366.89877,0,0.0,147624.65328975674,-0.35386714737554825
2025-07-09,95385.13834780618,1374.51877,0,0.0,147624.65328975674,-0.35386714737554825
2025-07-10,95385.13834780618,1375.01877,0,0.0,147624.65328975674,-0.35386714737554825
2025-07-13,95091.84262167306,1371.6187699999998,45,-0.003074857689713273,147624.65328975674,-0.35585391394601695
2025-07-14,94524.84262167307,1359.01877,45,-0.0059626565683011945,147624.65328975674,-0.3596947358369722
2025-07-15,94526.19262167306,1359.0487699999999,45,1.4281959774153918e-05,147624.65328975674,-0.35968559102294617
2025-07-16,94765.59262167306,1364.3687699999998,45,0.0025326313623796892,147624.65328975674,-0.35806391066898735
2025-07-17,95694.84262167307,1385.01877,45,0.009805774166472103,147624.65328975674,-0.35176923034769914
2025-07-20,95964.84262167307,1391.01877,45,0.002821468666471816,147624.65328975674,-0.3499402675424823
2025-07-21,96953.94262167306,1412.99877,45,0.010306899620513787,147624.65328975674,-0.34324016713270455
2025-07-22,97427.34262167307,1423.51877,45,0.004882730781225364,147624.65328975674,-0.34003338568089103
2025-07-23,98147.34262167307,1439.51877,45,0.007390122532602295,147624.65328975674,-0.335156151533646
2025-07-24,96504.84262167307,1403.01877,45,-0.016735043009073802,147624.65328975674,-0.34628234193204854
2025-07-27,95769.54262167306,1386.67877,45,-0.007619306762486566,147624.65328975674,-0.3512632173049226
2025-07-28,95784.84262167307,1387.01877,45,0.00015975851592453516,147624.65328975674,-0.3511595760792936
2025-07-29,96254.64262167306,1397.45877,45,0.004904742620453817,147624.65328975674,-0.34797718079821627
2025-07-30,95004.99262167307,1369.68877,45,-0.01298275040001673,147624.65328975674,-0.3564422303150283
2025-07-31,94794.84262167307,1365.01877,45,-0.002211989014481053,147624.65328975674,-0.3578657730317554
2025-08-03,94699.60454053996,1367.01877,0,-0.0010046757660984174,147624.65328975674,-0.3585109097281727
2025-08-04,94699.60454053996,1375.75877,0,0.0,147624.65328975674,-0.3585109097281727
2025-08-05,94699.60454053996,1371.89877,0,0.0,147624.65328975674,-0.3585109097281727
2025-08-06,94699.60454053996,1370.3687699999998,0,0.0,147624.65328975674,-0.3585109097281727
2025-08-07,94699.60454053996,1368.98877,0,0.0,147624.65328975674,-0.3585109097281727
2025-08-10,94699.60454053996,1393.01877,0,0.0,147624.65328975674,-0.3585109097281727
2025-08-11,94699.60454053996,1385.0587699999999,0,0.0,147624.65328975674,-0.3585109097281727
2025-08-12,94699.60454053996,1368.0687699999999,0,0.0,147624.65328975674,-0.3585109097281727
2025-08-13,94699.60454053996,1375.00877,0,0.0,147624.65328975674,-0.3585109097281727
2025-08-14,94699.60454053996,1370.0987699999998,0,0.0,147624.65328975674,-0.3585109097281727
2025-08-17,94699.60454053996,1376.51877,0,0.0,147624.65328975674,-0.3585109097281727
2025-08-18,94699.60454053996,1386.01877,0,0.0,147624.65328975674,-0.3585109097281727
2025-08-19,94699.60454053996,1398.01877,0,0.0,147624.65328975674,-0.3585109097281727
2025-08-20,94699.60454053996,1396.26877,0,0.0,147624.65328975674,-0.3585109097281727
2025-08-21,94699.60454053996,1411.96877,0,0.0,147624.65328975674,-0.3585109097281727
2025-08-24,94699.60454053996,1438.3487699999998,0,0.0,147624.65328975674,-0.3585109097281727
2025-08-25,94266.79566812303,1429.6287699999998,49,-0.004570334527972175,147624.65328975674,-0.3614427294667595
2025-08-26,92619.90566812303,1396.01877,49,-0.017470520646507004,147624.65328975674,-0.3725986574455876
2025-08-27,92612.59401351609,1394.1187699999998,0,-7.89425831757562e-05,147624.65328975674,-0.3726481861282568
2025-08-28,92612.59401351609,1428.01877,0,0.0,147624.65328975674,-0.3726481861282568
2025-08-31,92612.59401351609,1424.1187699999998,0,0.0,147624.65328975674,-0.3726481861282568
2025-09-01,92612.59401351609,1439.3187699999999,0,0.0,147624.65328975674,-0.3726481861282568
2025-09-02,92157.9596487889,1428.5687699999999,43,-0.00490899072172446,147624.65328975674,-0.3757278503618102
2025-09-03,91818.6896487889,1420.67877,43,-0.003681396607443932,147624.65328975674,-0.37802604373561
2025-09-04,92263.3096487889,1431.01877,43,0.004842369257290535,147624.65328975674,-0.37501421617095987
2025-09-07,93047.1996487889,1449.24877,43,0.008496226755619007,147624.65328975674,-0.3697041952325101
2025-09-08,93209.3096487889,1453.01877,43,0.001742234055531977,147624.65328975674,-0.3686060724163853
2025-09-09,93940.7396487889,1470.02877,43,0.007847177527180671,147624.65328975674,-0.36365141217705277
2025-09-10,94004.8096487889,1471.51877,43,0.00068202571365239,147624.65328975674,-0.3632174060773111
2025-09-11,93682.3096487889,1464.01877,43,-0.003430675528251048,147624.65328975674,-0.365402000539098
2025-09-14,93643.6096487889,1463.1187699999998,43,-0.00041309826951407835,147624.65328975674,-0.3656641518745124
2025-09-15,92993.4496487889,1447.99877,43,-0.0069429190356761206,147624.65328975674,-0.3700682943094745
2025-09-16,92693.3096487889,1441.01877,43,-0.003227539156075432,147624.65328975674,-0.3721014235552441
2025-09-17,91616.58964878891,1415.97877,43,-0.011615940827656601,147624.65328975674,-0.37939505626499626
2025-09-18,91617.0196487889,1415.98877,43,4.6934731106063055e-06,147624.65328975674,-0.3793921434723806
2025-09-21,91487.9904307637,1401.3687699999998,0,-0.001408354239417875,147624.65328975674,-0.3802661791781373
2025-09-22,91487.9904307637,1395.43877,0,0.0,147624.65328975674,-0.3802661791781373
2025-09-23,91487.9904307637,1390.01877,0,0.0,147624.65328975674,-0.3802661791781373
2025-09-24,91640.02043076369,1387.01877,-41,0.0016617481626184372,147624.65328975674,-0.37923633764007403
2025-09-25,91804.02043076369,1383.01877,-41,0.0017896111243658197,147624.65328975674,-0.3781254120843126
2025-09-28,89836.6004307637,1408.8787699999998,-83,-0.021430651846928273,147624.65328975674,-0.39145258987038567
2025-09-29,91236.8104307637,1392.00877,-83,0.015586186401600477,147624.65328975674,-0.38196765650189435
2025-10-08,91835.24043076369,1384.7987699999999,-83,0.006559085057605385,147624.65328975674,-0.377913929792539
2025-10-09,92704.58043076372,1378.01877,-124,0.00946630069156762,147624.65328975674,-0.3720250759959195
2025-10-12,94043.7804307637,1367.21877,-124,0.014445888151127129,147624.65328975674,-0.36295342048204404
2025-10-13,89167.6024250096,1399.0387699999999,-168,-0.05185008496488519,147624.65328975674,-0.3959843397566395
2025-10-14,87322.96242500958,1410.01877,-168,-0.02068733429892733,147624.65328975674,-0.40847981364188124
2025-10-15,83474.08242500958,1432.92877,-168,-0.04407637914603857,147624.65328975674,-0.434551881648337
2025-10-16,83757.62987779264,1403.01877,0,0.003396832220800894,147624.65328975674,-0.4326311492607289
2025-10-19,83757.62987779264,1405.94877,0,0.0,147624.65328975674,-0.4326311492607289
2025-10-20,83757.62987779264,1410.27877,0,0.0,147624.65328975674,-0.4326311492607289
2025-10-21,83757.62987779264,1406.71877,0,0.0,147624.65328975674,-0.4326311492607289
2025-10-22,83757.62987779264,1415.99877,0,0.0,147624.65328975674,-0.4326311492607289
2025-10-23,83757.62987779264,1398.01877,0,0.0,147624.65328975674,-0.4326311492607289
2025-10-26,83757.62987779264,1388.42877,0,0.0,147624.65328975674,-0.4326311492607289
2025-10-27,83757.62987779264,1393.01877,0,0.0,147624.65328975674,-0.4326311492607289
2025-10-28,83757.62987779264,1379.91877,0,0.0,147624.65328975674,-0.4326311492607289
2025-10-29,83757.62987779264,1374.75877,0,0.0,147624.65328975674,-0.4326311492607289
2025-10-30,83757.62987779264,1378.02877,0,0.0,147624.65328975674,-0.4326311492607289
2025-11-02,83757.62987779264,1383.01877,0,0.0,147624.65328975674,-0.4326311492607289
2025-11-03,83757.62987779264,1377.01877,0,0.0,147624.65328975674,-0.4326311492607289
2025-11-04,83757.62987779264,1368.0987699999998,0,0.0,147624.65328975674,-0.4326311492607289
2025-11-05,83757.62987779264,1383.14877,0,0.0,147624.65328975674,-0.4326311492607289
2025-11-06,83757.62987779264,1381.3487699999998,0,0.0,147624.65328975674,-0.4326311492607289
2025-11-09,83757.62987779264,1410.3187699999999,0,0.0,147624.65328975674,-0.4326311492607289
2025-11-10,83757.62987779264,1407.00877,0,0.0,147624.65328975674,-0.4326311492607289
2025-11-11,83757.62987779264,1413.16877,0,0.0,147624.65328975674,-0.4326311492607289
2025-11-12,83757.62987779264,1418.39877,0,0.0,147624.65328975674,-0.4326311492607289
2025-11-13,83757.62987779264,1404.6187699999998,0,0.0,147624.65328975674,-0.4326311492607289
2025-11-16,83757.62987779264,1419.01877,0,0.0,147624.65328975674,-0.4326311492607289
2025-11-17,83757.62987779264,1424.01877,0,0.0,147624.65328975674,-0.4326311492607289
2025-11-18,83626.9493808684,1419.02877,42,-0.0015602220014452328,147624.65328975674,-0.4335163706245869
2025-11-19,83463.1493808684,1415.1287699999998,42,-0.0019586987354279772,147624.65328975674,-0.4346259413930852
2025-11-20,83441.7293808684,1414.6187699999998,42,-0.0002566402077910368,147624.65328975674,-0.43477103910896575
2025-11-23,82828.52938086841,1400.01877,42,-0.00734884097621058,147624.65328975674,-0.4389248168577027
2025-11-24,82519.82938086841,1392.66877,42,-0.0037269767108928376,147624.65328975674,-0.4410159309983339
2025-11-25,82692.47898436018,1397.16877,0,0.002092219588759825,147624.65328975674,-0.43984641357936405
2025-11-26,82692.47898436018,1395.3187699999999,0,0.0,147624.65328975674,-0.43984641357936405
2025-11-27,82692.47898436018,1398.51877,0,0.0,147624.65328975674,-0.43984641357936405
2025-11-30,82692.47898436018,1396.01877,0,0.0,147624.65328975674,-0.43984641357936405
2025-12-01,82692.47898436018,1384.0487699999999,0,0.0,147624.65328975674,-0.43984641357936405
2025-12-02,82692.47898436018,1377.1187699999998,0,0.0,147624.65328975674,-0.43984641357936405
2025-12-03,82692.47898436018,1371.99877,0,0.0,147624.65328975674,-0.43984641357936405
2025-12-04,82403.56205569714,1378.02877,-47,-0.00349387189997874,147624.65328975674,-0.4418035184546314
2025-12-07,82957.69205569715,1366.23877,-47,0.006724587944699101,147624.65328975674,-0.43804987712405796
2025-12-08,83766.56205569714,1349.02877,-47,0.009750391795578572,147624.65328975674,-0.432570643256444
2025-12-09,83542.50625715517,1350.8187699999999,-95,-0.002674764166553656,147624.65328975674,-0.4340883829669123
2025-12-10,82413.50884750814,1360.00877,-142,-0.01351404764147024,147624.65328975674,-0.44173613952035895
2025-12-11,81183.78884750814,1368.66877,-142,-0.01492134016858071,147624.65328975674,-0.4500661844864007
2025-12-14,80424.08884750816,1374.01877,-142,-0.00935777956147088,147624.65328975674,-0.45521234390537557
2025-12-15,80992.08884750816,1370.01877,-142,0.007062560585261668,147624.65328975674,-0.45136474807810456
2025-12-16,79415.88884750818,1381.1187699999998,-142,-0.019461160002523847,147624.65328975674,-0.46204182649878156
2025-12-17,79714.08884750816,1379.01877,-142,0.003754916104667272,147624.65328975674,-0.46002183868946434
2025-12-18,79294.19484750813,1381.97577,-142,-0.005267500464105956,147624.65328975674,-0.4628661739047747
2025-12-21,79541.27484750815,1380.23577,-142,0.003115991031565235,147624.65328975674,-0.4611924697199117
2025-12-22,79598.07484750816,1379.83577,-142,0.0007140946648003244,147624.65328975674,-0.46080771013718447
2025-12-23,80586.39484750811,1372.87577,-142,0.012416380696308904,147624.65328975674,-0.4541128933977332
2025-12-24,78702.05484750812,1386.14577,-142,-0.023382855177548123,147624.65328975674,-0.4668772925547048
2025-12-25,78685.2453349845,1386.1057700000001,0,-0.0002135841631604185,147624.65328975674,-0.46699115912203637
2025-12-28,78685.2453349845,1373.97577,0,0.0,147624.65328975674,-0.46699115912203637
2025-12-29,78685.2453349845,1361.69577,0,0.0,147624.65328975674,-0.46699115912203637
2025-12-30,78685.2453349845,1349.15577,0,0.0,147624.65328975674,-0.46699115912203637
2026-01-04,78685.2453349845,1397.97577,0,0.0,147624.65328975674,-0.46699115912203637
2026-01-05,78480.20768895115,1399.98577,44,-0.0026057953452448546,147624.65328975674,-0.4683800710785705
2026-01-06,78275.60768895115,1395.33577,44,-0.002607026739925522,147624.65328975674,-0.469766018448746
2026-01-07,77788.96768895115,1384.27577,44,-0.006217006988100238,147624.65328975674,-0.4730624868173783
2026-01-08,78088.16768895114,1391.07577,44,0.003846303774031057,147624.65328975674,-0.4710357250717454
2026-01-11,78269.88768895114,1395.20577,44,0.0023271131258175703,147624.65328975674,-0.46980476536447136
2026-01-12,77731.76768895115,1382.97577,44,-0.006875185539278017,147624.65328975674,-0.4734499559746317
2026-01-13,77160.20768895115,1369.98577,44,-0.007352978286652823,147624.65328975674,-0.4773216670151863
2026-01-14,77067.5073080458,1360.86577,0,-0.001201401391751733,147624.65328975674,-0.4779496134918727
2026-01-15,77067.5073080458,1353.97577,0,0.0,147624.65328975674,-0.4779496134918727
2026-01-18,77067.5073080458,1347.97577,0,0.0,147624.65328975674,-0.4779496134918727
2026-01-19,77324.22900269242,1345.52577,-44,0.003331127522011146,147624.65328975674,-0.47621059708149893
2026-01-20,78313.78900269243,1323.03577,-44,0.012797541116970734,147624.65328975674,-0.46950738066101594
2026-01-21,79330.45092537832,1312.03577,-89,0.012981901854486111,147624.65328975674,-0.46262057754222796
2026-01-22,79734.1909253783,1308.97577,-133,0.005089344574377375,147624.65328975674,-0.45988566849416046
2026-01-25,79069.1909253783,1313.97577,-133,-0.00834021129809115,147624.65328975674,-0.46439033614404646
2026-01-26,79014.5709253783,1314.98577,-176,-0.0006907873896362382,147624.65328975674,-0.46476032854560545
2026-01-27,82414.89092537828,1295.66577,-176,0.043034088019173744,147624.65328975674,-0.44172677741288335
2026-01-28,62345.61092537828,1409.69577,-176,-0.2435152164209199,147624.65328975674,-0.5776748020331894
2026-01-29,62803.18351676487,1372.97577,0,0.007339291164124795,147624.65328975674,-0.5745752344393644
2026-02-01,62803.18351676487,1398.97577,0,0.0,147624.65328975674,-0.5745752344393644
2026-02-02,63516.26351676487,1446.89577,24,0.011354201492184801,147624.65328975674,-0.5697448759314235
2026-02-03,64718.18351676487,1496.97577,24,0.018923027480713728,147624.65328975674,-0.561603146394956
2026-02-04,65438.18351676487,1526.97577,24,0.011125157735823787,147624.65328975674,-0.5567259122477111
2026-02-05,64478.423516764866,1486.98577,24,-0.014666666285963137,147624.65328975674,-0.5632272653659885
2026-02-08,64717.22351676487,1496.93577,24,0.0037035644945306867,147624.65328975674,-0.561609649373819
2026-02-09,64233.383516764865,1476.77577,24,-0.007476216897263299,147624.65328975674,-0.5648871507207676
2026-02-10,64222.103516764866,1476.30577,24,-0.0001756096188993972,147624.65328975674,-0.5649635607224077
2026-02-11,63796.58351676487,1458.57577,24,-0.00662575619138539,147624.65328975674,-0.5678460061034295
2026-02-12,63765.383516764865,1457.27577,24,-0.0004890544019775511,147624.65328975674,-0.5680573529164767
2026-02-23,63321.383516764865,1438.77577,24,-0.006963025634171283,147624.65328975674,-0.5710649806406112
2026-02-24,64324.56351676487,1463.63577,43,0.015842673426969656,147624.65328975674,-0.5642695032075095
2026-02-25,63230.213516764874,1438.18577,43,-0.017012940938414323,147624.65328975674,-0.571682560414506
2026-02-26,62749.04351676487,1426.99577,43,-0.007609811405625333,147624.65328975674,-0.5749419753514919
2026-03-01,62527.96173734227,1412.08577,0,-0.0035232693126793224,147624.65328975674,-0.5764395692458442
2026-03-02,62527.96173734227,1398.16577,0,0.0,147624.65328975674,-0.5764395692458442
2026-03-03,62527.96173734227,1373.15577,0,0.0,147624.65328975674,-0.5764395692458442
2026-03-04,62527.96173734227,1371.01577,0,0.0,147624.65328975674,-0.5764395692458442
2026-03-05,62527.96173734227,1373.97577,0,0.0,147624.65328975674,-0.5764395692458442
2026-03-08,62527.96173734227,1368.97577,0,0.0,147624.65328975674,-0.5764395692458442
2026-03-09,62583.36173734227,1373.8557700000001,-20,0.0008860036127951165,147624.65328975674,-0.576064293173959
2026-03-10,62620.961737342266,1371.97577,-20,0.0006007986620757411,147624.65328975674,-0.5758095931684917
2026-03-11,62780.961737342266,1363.97577,-20,0.002555054977774196,147624.65328975674,-0.5747257633579929
2026-03-12,61856.48173734226,1385.61577,-43,-0.014725483242320592,147624.65328975674,-0.5809881320030554
2026-03-15,59855.26173734226,1432.15577,-43,-0.03235263215418027,147624.65328975674,-0.5945442688365965
2026-03-16,59513.71385831967,1456.97577,0,-0.005706229813535413,147624.65328975674,-0.5968578924178298
2026-03-17,59513.71385831967,1440.77577,0,0.0,147624.65328975674,-0.5968578924178298
2026-03-18,59513.71385831967,1424.84577,0,0.0,147624.65328975674,-0.5968578924178298
2026-03-19,59513.71385831967,1416.97577,0,0.0,147624.65328975674,-0.5968578924178298
2026-03-22,59513.71385831967,1380.04577,0,0.0,147624.65328975674,-0.5968578924178298
2026-03-23,59513.71385831967,1379.30577,0,0.0,147624.65328975674,-0.5968578924178298
2026-03-24,59513.71385831967,1382.24577,0,0.0,147624.65328975674,-0.5968578924178298
2026-03-25,59513.71385831967,1373.15577,0,0.0,147624.65328975674,-0.5968578924178298
2026-03-26,59513.71385831967,1387.99577,0,0.0,147624.65328975674,-0.5968578924178298
2026-03-29,59513.71385831967,1391.97577,0,0.0,147624.65328975674,-0.5968578924178298
2026-03-30,59513.71385831967,1421.97577,0,0.0,147624.65328975674,-0.5968578924178298
2026-03-31,59513.71385831967,1431.41577,0,0.0,147624.65328975674,-0.5968578924178298
2026-04-01,59513.71385831967,1431.8557700000001,0,0.0,147624.65328975674,-0.5968578924178298
2026-04-02,59513.71385831967,1431.97577,0,0.0,147624.65328975674,-0.5968578924178298
2026-04-06,59513.71385831967,1411.99577,0,0.0,147624.65328975674,-0.5968578924178298
2026-04-07,59513.71385831967,1436.99577,0,0.0,147624.65328975674,-0.5968578924178298
2026-04-08,59513.71385831967,1432.46577,0,0.0,147624.65328975674,-0.5968578924178298
2026-04-09,59513.71385831967,1425.93577,0,0.0,147624.65328975674,-0.5968578924178298
2026-04-12,59513.71385831967,1415.28577,0,0.0,147624.65328975674,-0.5968578924178298
2026-04-13,59513.71385831967,1418.87577,0,0.0,147624.65328975674,-0.5968578924178298
2026-04-14,59513.71385831967,1439.47577,0,0.0,147624.65328975674,-0.5968578924178298
2026-04-15,59513.71385831967,1434.81577,0,0.0,147624.65328975674,-0.5968578924178298
2026-04-16,59513.71385831967,1379.21577,0,0.0,147624.65328975674,-0.5968578924178298
2026-04-19,59513.71385831967,1382.86577,0,0.0,147624.65328975674,-0.5968578924178298
2026-04-20,59513.71385831967,1383.98577,0,0.0,147624.65328975674,-0.5968578924178298
2026-04-21,59513.71385831967,1381.47577,0,0.0,147624.65328975674,-0.5968578924178298
2026-04-22,59513.71385831967,1390.97577,0,0.0,147624.65328975674,-0.5968578924178298
2026-04-23,59513.71385831967,1430.46577,0,0.0,147624.65328975674,-0.5968578924178298
2026-04-26,59513.71385831967,1375.17577,0,0.0,147624.65328975674,-0.5968578924178298
2026-04-27,59513.71385831967,1376.97577,0,0.0,147624.65328975674,-0.5968578924178298
2026-04-28,59513.71385831967,1373.14577,0,0.0,147624.65328975674,-0.5968578924178298
2026-04-29,59513.71385831967,1356.76577,0,0.0,147624.65328975674,-0.5968578924178298
2026-05-05,59281.01385831967,1346.97577,-23,-0.003910023168004262,147624.65328975674,-0.5984341873984742
2026-05-06,59371.86385831967,1343.02577,-23,0.0015325311442402345,147624.65328975674,-0.5978187752842004
2026-05-07,59327.24385831967,1344.96577,-23,-0.0007515344323109074,147624.65328975674,-0.5981210283226033
2026-05-10,59595.42385831967,1333.30577,-23,0.004520351571369874,147624.65328975674,-0.5963043940814807
2026-05-11,59751.36385831967,1326.52577,-23,0.002616643861292678,147624.65328975674,-0.5952480664524233
2026-05-12,60247.193858319675,1316.06577,-48,0.008298220625987618,147624.65328975674,-0.5918893456090504
2026-05-13,60225.93385831968,1314.14577,-74,-0.00035287950589024675,147624.65328975674,-0.5920333594951204
2026-05-14,60908.21385831968,1304.92577,-74,0.01132867448108077,147624.65328975674,-0.5874116382257005
2026-05-17,61644.51385831968,1294.97577,-74,0.01208868153173448,147624.65328975674,-0.582423988916511
2026-05-18,61480.91385831969,1296.27577,-100,-0.0026539263554904435,147624.65328975674,-0.583532204897746
2026-05-19,62410.91385831968,1286.97577,-100,0.015126645679716777,147624.65328975674,-0.5772324441242214
2026-05-20,62810.91385831968,1282.97577,-100,0.006409135442368985,147624.65328975674,-0.5745228695979742
2026-05-21,64890.91385831968,1262.17577,-100,0.03311526408757204,147624.65328975674,-0.5604330820614887
2026-05-24,65322.91385831966,1257.8557700000001,-100,0.006657326493246796,147624.65328975674,-0.5575067415731418
2026-05-25,66572.91385831966,1245.3557700000001,-100,0.019135704857121905,147624.65328975674,-0.5490393211786193
2026-05-26,63610.91385831968,1274.97577,-100,-0.04449256955018832,147624.65328975674,-0.5691037205454799
2026-05-27,66312.91385831968,1247.95577,-100,0.04247698761281993,147624.65328975674,-0.55080054462068
2026-05-28,61310.91385831968,1297.97577,-100,-0.07543025496793854,147624.65328975674,-0.5846837740714013
2026-05-31,62950.91385831969,1281.57577,-100,0.02674890809472852,147624.65328975674,-0.5735745185137875
2026-06-01,63188.91385831968,1279.19577,-100,0.0037807235099975856,147624.65328975674,-0.5719623216706706
2026-06-02,65719.91385831968,1253.88577,-100,0.04005449445886877,147624.65328975674,-0.5548174888558415
2026-06-03,67110.91385831968,1239.97577,-100,0.021165578564189103,147624.65328975674,-0.5453949434408167
2026-06-04,66624.91385831969,1244.83577,-100,-0.007241743139215773,147624.65328975674,-0.548687076490207
2026-06-07,67612.91385831968,1234.95577,-100,0.014829287465962127,147624.65328975674,-0.5419944274103765
2026-06-08,68310.91385831968,1227.97577,-100,0.010323471659018146,147624.65328975674,-0.5372662198620752
2026-06-09,66322.91385831966,1247.8557700000001,-100,-0.02910223107427945,147624.65328975674,-0.5507328052575239
2026-06-10,66010.91385831968,1250.97577,-100,-0.004704256520853156,147624.65328975674,-0.5528462733879966
2026-06-11,64719.91385831968,1263.88577,-100,-0.01955737202443364,147624.65328975674,-0.5615914251714594
2026-06-14,66800.91385831969,1243.07577,-100,0.03215393649249276,147624.65328975674,-0.5474948636986583
2026-06-15,68343.91385831968,1227.64577,-100,0.023098486396048168,147624.65328975674,-0.5370426799636598
2026-06-16,69910.91385831968,1211.97577,-100,0.02292815719112129,147624.65328975674,-0.5264279217570864
2026-06-17,72410.91385831968,1186.97577,-100,0.03575979574614707,147624.65328975674,-0.5094930809680414
2026-06-21,69769.91385831968,1213.38577,-100,-0.03647240256030215,147624.65328975674,-0.5273830467775885
2026-06-22,71665.91385831968,1194.42577,-100,0.027175037134919977,147624.65328975674,-0.5145396635231767
2026-06-23,73142.91385831968,1179.65577,-100,0.0206095188142017,147624.65328975674,-0.504534559585009
2026-06-24,72700.91385831969,1184.07577,-100,-0.006042964064244871,147624.65328975674,-0.507528639436512
2026-06-25,74245.49085831967,1168.63,-100,0.021245633899596772,147624.65328975674,-0.49706577320394385
2026-06-28,71612.49085831968,1194.96,-100,-0.035463433126524224,147624.65328975674,-0.5149015475229659
2026-06-29,72559.49085831968,1185.49,-100,0.013223950021143294,147624.65328975674,-0.5084866298320758
2026-06-30,71807.49085831968,1193.01,-100,-0.01036390954655897,147624.65328975674,-0.5135806299414205
2026-07-01,70808.49085831968,1203.0,-100,-0.013912197572410467,147624.65328975674,-0.5203477923207229
2026-07-02,71663.49085831968,1194.45,-100,0.012074823084575526,147624.65328975674,-0.5145560767708695
2026-07-05,70417.49085831967,1206.91,-100,-0.017386816984165443,147624.65328975674,-0.5229964014201296
2026-07-06,72228.49085831968,1188.8,-100,0.025718042178522804,147624.65328975674,-0.5107288027525453
2026-07-07,71178.49085831968,1199.3,-100,-0.01453719976040524,147624.65328975674,-0.5178414358839443
2026-07-08,72889.49085831968,1182.19,-100,0.024038160677018805,147624.65328975674,-0.5062512308479218
2026-07-09,70610.49085831968,1204.98,-100,-0.031266510071113696,147624.65328975674,-0.5216890317112153
2026-07-12,70009.49085831968,1210.99,-100,-0.008511483105335005,147624.65328975674,-0.5257601674369017
2026-07-13,69620.49085831967,1214.88,-100,-0.0055563895013498454,147624.65328975674,-0.5283952286636772
2026-07-14,70732.21160191968,1251.06,0,0.015968297980869073,147624.65328975674,-0.5208645031457791
2026-07-15,70894.97160191968,1258.99,24,0.0023010732495685193,147624.65328975674,-0.5197619772710491
2026-07-16,70361.97160191968,1253.0,48,-0.007518163671647038,147624.65328975674,-0.5233724853272737
2026-07-19,73937.97160191968,1327.5,48,0.05082290786607846,147624.65328975674,-0.49914888906262356
2026-07-20,73001.97160191968,1308.0,48,-0.012659259913693655,147624.65328975674,-0.505489293454042
2026-07-21,72857.97160191968,1305.0,48,-0.0019725494646258834,147624.65328975674,-0.506464740283491
2026-07-22,72234.45160191969,1292.01,48,-0.00855802030019126,147624.65328975674,-0.5106884250550051
2026-07-23,72493.6516019197,1297.41,48,0.00358831546792171,147624.65328975674,-0.5089326207619969
2026-07-26,72113.97160191968,1289.5,48,-0.005237424127631729,147624.65328975674,-0.5115045489023109
2026-07-27,73577.97160191968,1320.0,48,0.020301197777339297,147624.65328975674,-0.501587506136246
2026-07-28,73625.97160191968,1321.0,48,0.0006523691664088727,147624.65328975674,-0.5012623571930964
2026-07-29,75582.45160191969,1361.76,48,0.02657323166583514,147624.65328975674,-0.48800928627031603
2026-07-30,75046.77160191967,1350.6,48,-0.007087359415401839,147624.65328975674,-0.4916379484758664
2026-08-02,75449.01160191969,1358.98,48,0.005359857478395957,147624.65328975674,-0.48891320033227215
2026-08-03,73979.25160191968,1328.36,48,-0.0194801756682339,147624.65328975674,-0.49886926097151485
2026-08-04,72927.57160191968,1306.45,48,-0.014215877793128495,147624.65328975674,-0.505993274315924
2026-08-05,73028.37160191967,1308.55,48,0.00138219328829714,147624.65328975674,-0.5053104615353098
2026-08-06,73060.53160191968,1309.22,48,0.00044037679184882883,147624.65328975674,-0.5050926117433995
2026-08-09,74963.25160191968,1348.86,48,0.026043062626032176,147624.65328975674,-0.49220370763694676
2026-08-10,74849.97160191968,1346.5,48,-0.0015111404265326644,147624.65328975674,-0.49297105914277994
2026-08-11,74681.97160191968,1343.0,48,-0.002244489829515084,147624.65328975674,-0.49410908044380386
2026-08-12,75271.89160191969,1355.29,48,0.007899095154376479,147624.65328975674,-0.49011299993249435
2026-08-13,74633.4916019197,1341.99,48,-0.008481253578377146,147624.65328975674,-0.49443748087638484
2026-08-16,72286.29160191969,1293.09,48,-0.03144968766193479,147624.65328975674,-0.5103372641964035
2026-08-17,72180.67953471967,1297.99,0,-0.001461024834163771,147624.65328975674,-0.5110526736137772
2026-08-18,72180.67953471967,1307.88,0,0.0,147624.65328975674,-0.5110526736137772
2026-08-19,72180.67953471967,1291.5,0,0.0,147624.65328975674,-0.5110526736137772
2026-08-20,72180.67953471967,1272.83,0,0.0,147624.65328975674,-0.5110526736137772
2026-08-23,71334.42953471967,1304.66,-25,-0.011724051442227656,147624.65328975674,-0.5167851172208688
2026-08-24,71350.92953471967,1304.0,-25,0.0002313048566817688,147624.65328975674,-0.5166733472716611
2026-08-25,71380.92953471967,1302.8,-25,0.0004204570311225897,147624.65328975674,-0.5164701291821927
2026-08-26,71643.42953471967,1292.3,-25,0.003677452811430726,147624.65328975674,-0.5146919708993429
2026-08-27,71515.92953471967,1297.4,-25,-0.0017796467984299014,147624.65328975674,-0.5155556477795842
2026-08-30,71462.92953471967,1299.52,-25,-0.0007410936324929729,147624.65328975674,-0.5159146664043119
2026-08-31,71461.92953471967,1299.56,-25,-1.3993269048828694e-05,147624.65328975674,-0.5159214403406276
2026-09-01,71513.42953471967,1297.5,-25,0.0007206634404544054,147624.65328975674,-0.5155725826203732
2026-09-02,71478.92953471967,1298.88,-25,-0.00048242687037192145,147624.65328975674,-0.5158062834232621
2026-09-03,70700.92953471967,1330.0,-25,-0.010884326403098998,147624.65328975674,-0.5210764058768129
2026-09-06,70845.92953471967,1316.01,0,0.002050892413356431,147624.65328975674,-0.5200941851110483
2026-09-07,70845.92953471967,1309.3,0,0.0,147624.65328975674,-0.5200941851110483
2026-09-08,70845.92953471967,1290.88,0,0.0,147624.65328975674,-0.5200941851110483
2026-09-09,70845.92953471967,1285.13,0,0.0,147624.65328975674,-0.5200941851110483
2026-09-10,70845.92953471967,1275.16,0,0.0,147624.65328975674,-0.5200941851110483
2026-09-13,70820.9195347197,1277.96,-29,-0.00035301957591959976,147624.65328975674,-0.5202636012583017
2026-09-14,70972.00953471969,1272.75,-29,0.002133409181815704,147624.65328975674,-0.519240127220375
2026-09-15,71399.75953471969,1258.0000000000002,-29,0.006027023932452469,147624.65328975674,-0.5163425759613695
